# This file uses centimeters as units for non-parametric coordinates.

mtllib Scifi Table.mtl
g default
v 5.412718 7.926704 -3.152660
v 6.781818 7.926704 -3.152660
v 5.412718 8.408806 -4.703362
v 6.781818 8.408806 -4.703362
vt 0.749298 0.931806
vt 0.800813 0.931803
vt 0.749302 0.992909
vt 0.800817 0.992906
vn 0.000000 0.954916 0.296876
vn 0.000000 0.954916 0.296876
vn 0.000000 0.954916 0.296876
vn 0.000000 0.954916 0.296876
s off
g pPlane7 Scifi_Table
usemtl set1
f 1/1/1 2/2/2 4/4/3 3/3/4
g default
v 6.835433 5.424306 0.553911
v 6.844951 5.431348 0.564506
v 6.854467 5.438389 0.575101
v 7.115035 5.544224 0.229371
v 7.105407 5.534595 0.229371
v 7.095778 5.524967 0.229371
v 6.854467 5.698988 0.575101
v 6.844780 5.710475 0.567155
v 6.835093 5.721962 0.559209
v 7.115035 5.805009 0.229371
v 7.105407 5.814638 0.229371
v 7.095778 5.824266 0.229371
v 7.096206 6.705773 -3.577675
v 7.105620 6.714741 -3.574806
v 7.115035 6.723708 -3.571937
v 7.115035 6.985816 -3.577675
v 7.105407 6.995444 -3.577675
v 7.095778 7.005073 -3.577675
v 7.115035 7.109429 -3.974672
v 7.105405 7.119059 -3.974672
v 7.095776 7.128689 -3.974672
v 7.115035 6.972806 -4.393601
v 7.105387 6.975788 -4.402777
v 7.095739 6.978770 -4.411952
v 7.115035 5.489661 -3.993501
v 7.105620 5.493243 -3.984087
v 7.096206 5.496825 -3.974672
v 7.115035 5.248980 -4.393123
v 7.105620 5.245426 -4.402538
v 7.096206 5.241872 -4.411952
v 7.115035 3.416236 -2.148599
v 7.105620 3.419818 -2.139184
v 7.096206 3.423400 -2.129769
v 7.115035 3.218047 -2.604877
v 7.105620 3.214493 -2.614292
v 7.096206 3.210938 -2.623706
v 7.115035 0.382655 -2.148599
v 7.105620 0.392070 -2.139184
v 7.096206 0.401485 -2.129769
v 7.115035 0.382651 -2.604877
v 7.105620 0.392066 -2.614292
v 7.096206 0.401481 -2.623706
v 7.115035 0.041937 -2.129769
v 7.105620 0.032523 -2.129769
v 7.096206 0.023108 -2.129769
v 7.115035 0.041934 -2.623706
v 7.105620 0.032519 -2.623706
v 7.096206 0.023104 -2.623706
v 7.115035 0.596357 -4.450064
v 7.105620 0.605772 -4.459479
v 7.096206 0.615187 -4.468894
v 7.115035 0.041934 -4.708977
v 7.105620 0.032519 -4.718391
v 7.096206 0.023104 -4.727806
v 7.115035 0.596361 -0.193358
v 7.105620 0.605776 -0.183943
v 7.096206 0.615191 -0.174528
v 7.115035 0.041937 0.090214
v 7.105620 0.032523 0.099628
v 7.096206 0.023108 0.109043
v 6.331532 5.424383 0.553663
v 6.331532 5.432281 0.564382
v 6.331532 5.440179 0.575101
v 6.331532 5.700495 0.575101
v 6.331532 5.711214 0.567203
v 6.331532 5.721933 0.559305
v 6.331532 6.723708 -3.571937
v 6.340947 6.714741 -3.574806
v 6.350362 6.705773 -3.577675
v 6.350789 7.005073 -3.577675
v 6.341161 6.995444 -3.577675
v 6.331532 6.985816 -3.577675
v 6.331532 7.109393 -3.974672
v 6.341180 7.119041 -3.974672
v 6.350828 7.128689 -3.974672
v 6.331532 6.972806 -4.393601
v 6.341180 6.975788 -4.402777
v 6.350828 6.978770 -4.411952
v 6.350362 5.496825 -3.974672
v 6.340947 5.493243 -3.984087
v 6.331532 5.489661 -3.993501
v 6.331532 5.248980 -4.393123
v 6.340947 5.245426 -4.402538
v 6.350362 5.241872 -4.411952
v 6.350362 3.423400 -2.129769
v 6.340947 3.419818 -2.139184
v 6.331532 3.416236 -2.148599
v 6.331532 3.218047 -2.604877
v 6.340947 3.214493 -2.614292
v 6.350362 3.210938 -2.623706
v 6.350362 0.401485 -2.129769
v 6.340947 0.392070 -2.139184
v 6.331532 0.382655 -2.148599
v 6.331532 0.382651 -2.604877
v 6.340947 0.392066 -2.614292
v 6.350362 0.401481 -2.623706
v 6.331532 0.041937 -2.129769
v 6.340947 0.032523 -2.129769
v 6.350362 0.023108 -2.129769
v 6.350362 0.023104 -2.623706
v 6.340947 0.032519 -2.623706
v 6.331532 0.041934 -2.623706
v 6.350362 0.023104 -4.727806
v 6.340947 0.032519 -4.718391
v 6.331532 0.041934 -4.708977
v 6.350362 0.615187 -4.468894
v 6.340947 0.605772 -4.459479
v 6.331532 0.596357 -4.450064
v 6.350362 0.615191 -0.174528
v 6.340947 0.605776 -0.183943
v 6.331532 0.596361 -0.193358
v 6.350362 0.023108 0.109043
v 6.340947 0.032523 0.099628
v 6.331532 0.041937 0.090214
v -6.854467 5.438389 0.575101
v -6.844951 5.431348 0.564506
v -6.835433 5.424306 0.553911
v -7.115035 5.544224 0.229371
v -7.105407 5.534595 0.229371
v -7.095778 5.524967 0.229371
v -6.835093 5.721962 0.559209
v -6.844780 5.710475 0.567155
v -6.854467 5.698988 0.575101
v -7.115035 5.805009 0.229371
v -7.105407 5.814638 0.229371
v -7.095778 5.824266 0.229371
v -7.115035 6.723708 -3.571937
v -7.105620 6.714741 -3.574806
v -7.096206 6.705773 -3.577675
v -7.095778 7.005073 -3.577675
v -7.105407 6.995444 -3.577675
v -7.115035 6.985816 -3.577675
v -7.115035 7.109393 -3.974672
v -7.105387 7.119041 -3.974672
v -7.095739 7.128689 -3.974672
v -7.115035 6.972806 -4.393601
v -7.105387 6.975788 -4.402777
v -7.095739 6.978770 -4.411952
v -7.115035 5.489661 -3.993501
v -7.105620 5.493243 -3.984087
v -7.096206 5.496825 -3.974672
v -7.115035 5.248980 -4.393123
v -7.105620 5.245426 -4.402538
v -7.096206 5.241872 -4.411952
v -7.115035 3.416236 -2.148599
v -7.105620 3.419818 -2.139184
v -7.096206 3.423400 -2.129769
v -7.115035 3.218047 -2.604877
v -7.105620 3.214493 -2.614292
v -7.096206 3.210938 -2.623706
v -7.115035 0.382655 -2.148599
v -7.105620 0.392070 -2.139184
v -7.096206 0.401485 -2.129769
v -7.115035 0.382651 -2.604877
v -7.105620 0.392066 -2.614292
v -7.096206 0.401481 -2.623706
v -7.115035 0.041937 -2.129769
v -7.105620 0.032523 -2.129769
v -7.096206 0.023108 -2.129769
v -7.115035 0.041934 -2.623706
v -7.105620 0.032519 -2.623706
v -7.096206 0.023104 -2.623706
v -7.115035 0.596357 -4.450064
v -7.105620 0.605772 -4.459479
v -7.096206 0.615187 -4.468894
v -7.115035 0.041934 -4.708977
v -7.105620 0.032519 -4.718391
v -7.096206 0.023104 -4.727806
v -7.115035 0.596361 -0.193358
v -7.105620 0.605776 -0.183943
v -7.096206 0.615191 -0.174528
v -7.115035 0.041937 0.090214
v -7.105620 0.032523 0.099628
v -7.096206 0.023108 0.109043
v -6.331532 5.440179 0.575101
v -6.331532 5.432281 0.564382
v -6.331532 5.424383 0.553663
v -6.331532 5.721933 0.559305
v -6.331532 5.711214 0.567203
v -6.331532 5.700495 0.575101
v -6.350362 6.705773 -3.577675
v -6.340947 6.714741 -3.574806
v -6.331532 6.723708 -3.571937
v -6.331532 6.985816 -3.577675
v -6.341161 6.995444 -3.577675
v -6.350789 7.005073 -3.577675
v -6.350828 7.128689 -3.974672
v -6.341180 7.119041 -3.974672
v -6.331532 7.109393 -3.974672
v -6.350828 6.978770 -4.411952
v -6.341180 6.975788 -4.402777
v -6.331532 6.972806 -4.393601
v -6.331532 5.489661 -3.993501
v -6.340947 5.493243 -3.984087
v -6.350362 5.496825 -3.974672
v -6.350362 5.241872 -4.411952
v -6.340947 5.245426 -4.402538
v -6.331532 5.248980 -4.393123
v -6.331532 3.416236 -2.148599
v -6.340947 3.419818 -2.139184
v -6.350362 3.423400 -2.129769
v -6.350362 3.210938 -2.623706
v -6.340947 3.214493 -2.614292
v -6.331532 3.218047 -2.604877
v -6.331532 0.382655 -2.148599
v -6.340947 0.392070 -2.139184
v -6.350362 0.401485 -2.129769
v -6.350362 0.401481 -2.623706
v -6.340947 0.392066 -2.614292
v -6.331532 0.382651 -2.604877
v -6.350362 0.023108 -2.129769
v -6.340947 0.032523 -2.129769
v -6.331532 0.041937 -2.129769
v -6.331532 0.041934 -2.623706
v -6.340947 0.032519 -2.623706
v -6.350362 0.023104 -2.623706
v -6.331532 0.041934 -4.708977
v -6.340947 0.032519 -4.718391
v -6.350362 0.023104 -4.727806
v -6.331532 0.596357 -4.450064
v -6.340947 0.605772 -4.459479
v -6.350362 0.615187 -4.468894
v -6.331532 0.596361 -0.193358
v -6.340947 0.605776 -0.183943
v -6.350362 0.615191 -0.174528
v -6.331532 0.041937 0.090214
v -6.340947 0.032523 0.099628
v -6.350362 0.023108 0.109043
v 6.350566 5.849623 0.151470
v 6.341049 5.842582 0.140875
v 6.331532 5.835541 0.130280
v 6.331532 5.574942 0.130280
v 6.341219 5.563455 0.138227
v 6.350906 5.551968 0.146173
v -6.331532 5.835541 0.130280
v -6.341049 5.842582 0.140875
v -6.350566 5.849623 0.151470
v -6.350906 5.551968 0.146173
v -6.341219 5.563455 0.138227
v -6.331532 5.574942 0.130280
v 7.115035 6.801916 -3.809123
v 7.115035 6.668568 -3.993501
v 7.105620 6.788898 -3.799708
v 7.105620 6.655551 -3.984087
v 7.096206 6.642533 -3.974672
v 7.096206 6.775881 -3.790294
v 7.105528 7.198167 -4.218593
v 7.105461 7.064447 -4.402702
v 7.096025 7.210962 -4.227863
v 7.095897 7.077217 -4.411952
v 7.115035 7.051728 -4.393463
v 7.115035 7.185367 -4.209296
v 6.350362 6.775881 -3.790294
v 6.350362 6.642533 -3.974672
v 6.340947 6.788898 -3.799708
v 6.340947 6.655551 -3.984087
v 6.331532 6.668568 -3.993501
v 6.331532 6.801916 -3.809123
v 6.350671 7.077217 -4.411952
v 6.350558 7.210962 -4.227863
v 6.341107 7.064442 -4.402702
v 6.341047 7.198158 -4.218591
v 6.331532 7.051723 -4.393463
v 6.331532 7.185349 -4.209286
v -7.105620 6.788898 -3.799708
v -7.105620 6.655551 -3.984087
v -7.096206 6.775881 -3.790294
v -7.096206 6.642533 -3.974672
v -7.115035 6.901538 -4.134601
v -7.115035 6.668568 -3.993501
v -7.115035 6.801916 -3.809123
v -7.115035 7.051723 -4.393463
v -7.115035 7.185349 -4.209286
v -7.105520 7.198158 -4.218591
v -7.105461 7.064442 -4.402702
v -7.095897 7.077217 -4.411952
v -7.096009 7.210962 -4.227863
v -6.331532 6.801916 -3.809123
v -6.331532 6.668568 -3.993501
v -6.340947 6.788898 -3.799708
v -6.340947 6.655551 -3.984087
v -6.350362 6.642533 -3.974672
v -6.350362 6.775881 -3.790294
v -6.331532 7.051723 -4.393463
v -6.331532 7.185349 -4.209286
v -6.341107 7.064442 -4.402702
v -6.341047 7.198158 -4.218591
v -6.350558 7.210962 -4.227863
v -6.350671 7.077217 -4.411952
v 7.115035 6.757750 -3.922319
v 7.105620 6.744732 -3.912905
v 7.096206 6.731715 -3.903490
v 6.350362 6.731715 -3.903490
v 6.340947 6.744732 -3.912905
v 6.331532 6.757750 -3.922319
v -7.115035 6.757750 -3.922319
v -7.105620 6.744732 -3.912905
v -7.096206 6.731715 -3.903490
v -6.350362 6.731715 -3.903490
v -6.340947 6.744732 -3.912905
v -6.331532 6.757750 -3.922319
v 7.115035 7.141055 -4.322386
v 7.105494 7.153814 -4.331655
v 7.095961 7.166597 -4.340915
v 6.350615 7.166597 -4.340915
v 6.341077 7.153808 -4.331653
v 6.331532 7.141043 -4.322381
v -7.115035 7.141043 -4.322381
v -7.105491 7.153808 -4.331653
v -7.095953 7.166597 -4.340915
v -6.350615 7.166597 -4.340915
v -6.341077 7.153808 -4.331653
v -6.331532 7.141043 -4.322381
v 7.115035 0.382655 -1.305428
v 7.115035 0.596361 -0.734128
v 7.105620 0.605776 -0.734128
v 7.105620 0.392070 -1.305428
v 7.096206 0.615191 -0.734127
v 7.096206 0.401485 -1.305428
v 6.350362 0.615191 -0.734127
v 6.350362 0.401485 -1.305428
v 6.340947 0.605776 -0.734128
v 6.340947 0.392070 -1.305428
v 6.331532 0.596361 -0.734128
v 6.331532 0.382655 -1.305428
v 6.331532 0.041937 -0.734128
v 6.331532 0.041937 -1.305428
v 6.340947 0.032523 -0.734128
v 6.340947 0.032523 -1.305428
v 6.350362 0.023108 -0.734127
v 6.350362 0.023108 -1.305428
v 7.096206 0.023108 -0.734127
v 7.096206 0.023108 -1.305428
v 7.105620 0.032523 -0.734128
v 7.105620 0.032523 -1.305428
v 7.115035 0.041937 -0.734128
v 7.115035 0.041937 -1.305428
v 7.096206 0.401481 -3.372472
v 7.096206 0.615187 -3.943772
v 7.105620 0.605772 -3.943772
v 7.105620 0.392066 -3.372472
v 7.115035 0.596357 -3.943772
v 7.115035 0.382651 -3.372472
v 7.115035 0.041934 -3.943772
v 7.115035 0.041934 -3.372472
v 7.105620 0.032519 -3.943772
v 7.105620 0.032519 -3.372472
v 7.096206 0.023104 -3.943772
v 7.096206 0.023104 -3.372472
v 6.350362 0.023104 -3.943772
v 6.350362 0.023104 -3.372472
v 6.340947 0.032519 -3.943772
v 6.340947 0.032519 -3.372472
v 6.331532 0.041934 -3.943772
v 6.331532 0.041934 -3.372472
v 6.331532 0.596357 -3.943772
v 6.331532 0.382651 -3.372472
v 6.340947 0.605772 -3.943772
v 6.340947 0.392066 -3.372472
v 6.350362 0.615187 -3.943772
v 6.350362 0.401481 -3.372472
v -7.096206 0.401485 -1.305428
v -7.096206 0.615191 -0.734127
v -7.105620 0.605776 -0.734128
v -7.105620 0.392070 -1.305428
v -7.115035 0.596361 -0.734128
v -7.115035 0.382655 -1.305428
v -7.115035 0.041937 -0.734128
v -7.115035 0.041937 -1.305428
v -7.105620 0.032523 -0.734128
v -7.105620 0.032523 -1.305428
v -7.096206 0.023108 -0.734127
v -7.096206 0.023108 -1.305428
v -6.350362 0.023108 -0.734127
v -6.350362 0.023108 -1.305428
v -6.340947 0.032523 -0.734128
v -6.340947 0.032523 -1.305428
v -6.331532 0.041937 -0.734128
v -6.331532 0.041937 -1.305428
v -6.331532 0.596361 -0.734128
v -6.331532 0.382655 -1.305428
v -6.340947 0.605776 -0.734128
v -6.340947 0.392070 -1.305428
v -6.350362 0.615191 -0.734127
v -6.350362 0.401485 -1.305428
v -7.115035 0.382651 -3.372472
v -7.115035 0.596357 -3.943772
v -7.105620 0.605772 -3.943772
v -7.105620 0.392066 -3.372472
v -7.096206 0.615187 -3.943772
v -7.096206 0.401481 -3.372472
v -6.350362 0.615187 -3.943772
v -6.350362 0.401481 -3.372472
v -6.340947 0.605772 -3.943772
v -6.340947 0.392066 -3.372472
v -6.331532 0.596357 -3.943772
v -6.331532 0.382651 -3.372472
v -6.331532 0.041934 -3.943772
v -6.331532 0.041934 -3.372472
v -6.340947 0.032519 -3.943772
v -6.340947 0.032519 -3.372472
v -6.350362 0.023104 -3.943772
v -6.350362 0.023104 -3.372472
v -7.096206 0.023104 -3.943772
v -7.096206 0.023104 -3.372472
v -7.105620 0.032519 -3.943772
v -7.105620 0.032519 -3.372472
v -7.115035 0.041934 -3.943772
v -7.115035 0.041934 -3.372472
vt 0.196370 0.988129
vt 0.977030 0.000373
vt 0.806137 0.590830
vt 0.210908 0.988121
vt 0.795250 0.579920
vt 0.806157 0.590325
vt 0.035372 0.994337
vt 0.035265 0.994838
vt 0.830351 0.047269
vt 0.019981 0.994686
vt 0.815200 0.050665
vt 0.830299 0.046763
vt 0.625469 0.732085
vt 0.625469 0.732538
vt 0.580751 0.858278
vt 0.606749 0.732085
vt 0.599363 0.858798
vt 0.580749 0.858779
vt 0.552024 0.995416
vt 0.987830 0.515340
vt 0.662661 0.590944
vt 0.536999 0.995107
vt 0.652275 0.579742
vt 0.662899 0.590486
vt 0.404415 0.994893
vt 0.404321 0.995336
vt 0.822952 0.628590
vt 0.390862 0.995131
vt 0.807963 0.624088
vt 0.823154 0.628123
vt 0.815126 0.597042
vt 0.815153 0.596534
vt 0.265743 0.978977
vt 0.830224 0.600958
vt 0.250258 0.978125
vt 0.265648 0.978471
vt 0.697158 0.777187
vt 0.697159 0.776685
vt 0.635181 0.766124
vt 0.715772 0.777166
vt 0.616454 0.765654
vt 0.635181 0.765654
vt 0.029061 0.985094
vt 0.038554 0.985002
vt 0.005626 0.988722
vt 0.010937 0.995194
vt 0.007290 0.992593
vt 0.006320 0.985889
vt 0.019186 0.923534
vt 0.032548 0.934759
vt 0.023505 0.978299
vt 0.095331 0.856792
vt 0.111043 0.866872
vt 0.581460 0.871591
vt 0.598626 0.871606
vt 0.213389 0.996398
vt 0.987317 0.000017
vt 0.346037 0.996080
vt 0.343183 0.987821
vt 0.351592 0.987893
vt 0.359624 0.996372
vt 0.371701 0.988602
vt 0.372312 0.991106
vt 0.354899 0.985415
vt 0.356511 0.981885
vt 0.348541 0.943389
vt 0.360360 0.933476
vt 0.279197 0.883320
vt 0.293094 0.874421
vt 0.367253 0.842210
vt 0.367239 0.827038
vt 0.355933 0.842862
vt 0.355915 0.826411
vt 0.797180 0.561850
vt 0.813282 0.562900
vt 0.662968 0.057205
vt 0.671146 0.084376
vt 0.655006 0.085677
vt 0.652344 0.067947
vt 0.987317 0.019689
vt 0.977519 0.019689
vt 0.823249 0.019590
vt 0.808052 0.023614
vt 0.528628 0.668034
vt 0.528628 0.696024
vt 0.463385 0.696024
vt 0.463385 0.668034
vt 0.201710 0.699058
vt 0.201710 0.671270
vt 0.306578 0.671270
vt 0.306578 0.699058
vt 0.630279 0.668034
vt 0.630279 0.696024
vt 0.809449 0.732085
vt 0.809449 0.703944
vt 0.432395 0.703944
vt 0.432395 0.732085
vt 0.625469 0.703944
vt 0.606749 0.703944
vt 0.527618 0.703944
vt 0.527618 0.732085
vt 0.503559 0.732085
vt 0.503559 0.703944
vt 0.734110 0.703944
vt 0.734110 0.732085
vt 0.709693 0.732085
vt 0.709693 0.703944
vt 0.977553 0.992510
vt 0.101159 0.969642
vt 0.247074 0.968790
vt 0.256566 0.968880
vt 0.260303 0.966078
vt 0.280001 0.972506
vt 0.274691 0.978978
vt 0.279309 0.969673
vt 0.262123 0.962084
vt 0.253077 0.918544
vt 0.266439 0.907320
vt 0.174589 0.850648
vt 0.190302 0.840570
vt 0.697896 0.789995
vt 0.715062 0.789979
vt 0.539473 0.986831
vt 0.407261 0.986637
vt 0.398847 0.986728
vt 0.395533 0.984281
vt 0.382892 0.995502
vt 0.379653 0.993176
vt 0.378142 0.989726
vt 0.378580 0.987012
vt 0.391396 0.932035
vt 0.402983 0.942298
vt 0.393825 0.980432
vt 0.387479 0.986502
vt 0.460320 0.874952
vt 0.473931 0.884266
vt 0.389296 0.846337
vt 0.389309 0.831166
vt 0.377972 0.846965
vt 0.377990 0.830514
vt 0.813321 0.084266
vt 0.806187 0.056844
vt 0.952885 0.030686
vt 0.958524 0.057999
vt 0.671067 0.563312
vt 0.977519 0.515708
vt 0.977519 0.496036
vt 0.987317 0.496036
vt 0.595849 0.848881
vt 0.530639 0.848881
vt 0.530639 0.820881
vt 0.595849 0.820881
vt 0.201706 0.704804
vt 0.306575 0.704804
vt 0.306575 0.732593
vt 0.201706 0.732593
vt 0.697450 0.848881
vt 0.697450 0.820881
vt 0.432729 0.737485
vt 0.432729 0.765654
vt 0.808980 0.737484
vt 0.808980 0.765654
vt 0.616454 0.737485
vt 0.635181 0.737484
vt 0.714385 0.737484
vt 0.738403 0.737484
vt 0.738403 0.765654
vt 0.714385 0.765654
vt 0.507895 0.737484
vt 0.532266 0.737485
vt 0.532266 0.765654
vt 0.507895 0.765654
vt 0.987314 0.516037
vt 0.181510 0.995175
vt 0.958491 0.589148
vt 0.952850 0.616460
vt 0.654963 0.562007
vt 0.795281 0.067248
vt 0.797200 0.085314
vt 0.977030 0.019689
vt 0.198505 0.997272
vt 0.654505 0.085687
vt 0.213435 0.996838
vt 0.952732 0.616947
vt 0.346132 0.996523
vt 0.359709 0.996818
vt 0.348138 0.943622
vt 0.306578 0.699634
vt 0.463385 0.667493
vt 0.360762 0.933245
vt 0.810080 0.703492
vt 0.293497 0.874191
vt 0.367681 0.826726
vt 0.355490 0.842861
vt 0.606749 0.703492
vt 0.503559 0.703492
vt 0.354307 0.756695
vt 0.373160 0.765328
vt 0.354690 0.757164
vt 0.373243 0.907618
vt 0.373648 0.907998
vt 0.709693 0.703492
vt 0.354688 0.916537
vt 0.038556 0.984501
vt 0.813806 0.562517
vt 0.977030 0.515680
vt 0.005808 0.985889
vt 0.528628 0.696608
vt 0.201710 0.670704
vt 0.111498 0.867133
vt 0.630279 0.696608
vt 0.598978 0.872107
vt 0.431706 0.732538
vt 0.527618 0.732538
vt 0.511208 0.878760
vt 0.502396 0.857410
vt 0.511641 0.878303
vt 0.734110 0.732538
vt 0.683256 0.856939
vt 0.672638 0.878370
vt 0.682720 0.857371
vt 0.553944 0.986301
vt 0.796699 0.085317
vt 0.539627 0.986401
vt 0.987830 0.496036
vt 0.407263 0.986194
vt 0.378126 0.987010
vt 0.595849 0.849426
vt 0.697450 0.849426
vt 0.201706 0.704229
vt 0.474326 0.884509
vt 0.811739 0.737018
vt 0.389752 0.830854
vt 0.616454 0.737018
vt 0.377529 0.846963
vt 0.395225 0.908045
vt 0.395629 0.908428
vt 0.714385 0.737018
vt 0.376758 0.916215
vt 0.507895 0.737018
vt 0.376350 0.756368
vt 0.395290 0.765753
vt 0.376732 0.756841
vt 0.958608 0.058493
vt 0.987885 0.992874
vt 0.671541 0.562922
vt 0.530639 0.820297
vt 0.266894 0.907059
vt 0.252623 0.918807
vt 0.306575 0.733159
vt 0.190758 0.840310
vt 0.433618 0.766124
vt 0.715415 0.790479
vt 0.794122 0.775781
vt 0.794652 0.775347
vt 0.738403 0.766124
vt 0.784885 0.796679
vt 0.623888 0.796771
vt 0.623459 0.797229
vt 0.532266 0.766124
vt 0.613798 0.775777
vt 0.965722 0.619755
vt 0.355990 0.981542
vt 0.965586 0.619064
vt 0.158425 0.699058
vt 0.971143 0.591803
vt 0.158425 0.671270
vt 0.832741 0.017144
vt 0.455504 0.667493
vt 0.455504 0.668034
vt 0.833242 0.017577
vt 0.370840 0.994526
vt 0.367617 0.996824
vt 0.455504 0.696024
vt 0.839691 0.043874
vt 0.025868 0.981852
vt 0.157966 0.670704
vt 0.025325 0.982292
vt 0.006754 0.993035
vt 0.839471 0.044489
vt 0.961401 0.027922
vt 0.153975 0.704229
vt 0.153975 0.704804
vt 0.961138 0.028550
vt 0.153975 0.732593
vt 0.966742 0.056735
vt 0.837087 0.632251
vt 0.377641 0.990091
vt 0.837516 0.631665
vt 0.526894 0.848881
vt 0.844077 0.604530
vt 0.526894 0.820881
vt 0.259760 0.965637
vt 0.256055 0.968383
vt 0.278873 0.976819
vt 0.278337 0.976376
vt 0.280583 0.972888
vt 0.351139 0.987454
vt 0.961102 0.618599
vt 0.967198 0.589942
vt 0.966709 0.590414
vt 0.460075 0.696608
vt 0.459639 0.696024
vt 0.459639 0.668034
vt 0.833144 0.630146
vt 0.839614 0.603854
vt 0.158420 0.704804
vt 0.158420 0.732593
vt 0.459939 0.667493
vt 0.382476 0.995954
vt 0.157965 0.704229
vt 0.261532 0.961697
vt 0.275167 0.979492
vt 0.367244 0.870364
vt 0.373745 0.889703
vt 0.355249 0.889070
vt 0.355858 0.870198
vt 0.367689 0.870349
vt 0.755116 0.703492
vt 0.778227 0.703944
vt 0.755116 0.703944
vt 0.778227 0.732085
vt 0.755116 0.732085
vt 0.778227 0.732538
vt 0.652358 0.879449
vt 0.630481 0.871594
vt 0.652366 0.878945
vt 0.630293 0.858711
vt 0.651644 0.858018
vt 0.630285 0.858209
vt 0.678422 0.732538
vt 0.656722 0.732085
vt 0.678422 0.732085
vt 0.656722 0.703944
vt 0.678422 0.703944
vt 0.656722 0.703492
vt 0.354805 0.889077
vt 0.460749 0.703944
vt 0.483863 0.703944
vt 0.483863 0.732085
vt 0.460749 0.732085
vt 0.460749 0.703492
vt 0.374104 0.782059
vt 0.367182 0.801399
vt 0.373658 0.782052
vt 0.355792 0.801589
vt 0.355141 0.782715
vt 0.355349 0.801597
vt 0.556660 0.703492
vt 0.578360 0.703944
vt 0.556660 0.703944
vt 0.578360 0.732085
vt 0.556660 0.732085
vt 0.578360 0.732538
vt 0.531299 0.857405
vt 0.552665 0.858642
vt 0.531307 0.857908
vt 0.552451 0.871530
vt 0.530563 0.878861
vt 0.552467 0.872032
vt 0.483863 0.732538
vt 0.463854 0.737485
vt 0.486925 0.737485
vt 0.486925 0.765654
vt 0.463854 0.765654
vt 0.463854 0.737018
vt 0.396243 0.783677
vt 0.389300 0.803011
vt 0.395798 0.783669
vt 0.377914 0.803178
vt 0.377303 0.784307
vt 0.377471 0.803184
vt 0.563484 0.737018
vt 0.585192 0.737485
vt 0.563484 0.737485
vt 0.585192 0.765654
vt 0.563484 0.765654
vt 0.585192 0.766124
vt 0.644867 0.775909
vt 0.666228 0.777101
vt 0.644876 0.776412
vt 0.666040 0.789984
vt 0.644158 0.797339
vt 0.666057 0.790487
vt 0.486925 0.766124
vt 0.389240 0.871976
vt 0.395718 0.891321
vt 0.377200 0.890663
vt 0.377849 0.871787
vt 0.389684 0.871962
vt 0.758009 0.737018
vt 0.780958 0.737484
vt 0.758009 0.737484
vt 0.780958 0.765654
vt 0.758009 0.765654
vt 0.780958 0.766124
vt 0.765954 0.797746
vt 0.744071 0.789915
vt 0.765962 0.797243
vt 0.743856 0.777027
vt 0.765212 0.776290
vt 0.743848 0.776526
vt 0.685285 0.766124
vt 0.663580 0.765654
vt 0.685285 0.765654
vt 0.663580 0.737484
vt 0.685285 0.737484
vt 0.663580 0.737018
vt 0.376756 0.890670
vt 0.635181 0.737018
vt 0.377406 0.871779
vt 0.481827 0.783475
vt 0.780958 0.737018
vt 0.377547 0.830514
vt 0.585192 0.737018
vt 0.421311 0.704229
vt 0.389744 0.803026
vt 0.355472 0.826412
vt 0.578360 0.703492
vt 0.736404 0.667493
vt 0.367627 0.801413
vt 0.625469 0.703492
vt 0.355415 0.870192
vt 0.258766 0.785811
vt 0.778227 0.703492
vt 0.486925 0.737018
vt 0.395696 0.765373
vt 0.685285 0.737018
vt 0.376375 0.916683
vt 0.376858 0.784300
vt 0.532266 0.737018
vt 0.396164 0.891315
vt 0.738403 0.737018
vt 0.678422 0.703492
vt 0.354306 0.917011
vt 0.483863 0.703492
vt 0.373564 0.764945
vt 0.354696 0.782708
vt 0.527618 0.703492
vt 0.374190 0.889696
vt 0.734110 0.703492
vt 0.379185 0.993573
vt 0.527182 0.849426
vt 0.371313 0.994918
vt 0.372826 0.991445
vt 0.396015 0.983892
vt 0.394356 0.980111
vt 0.354420 0.985026
vt 0.157970 0.699634
vt 0.403376 0.942546
vt 0.530639 0.849426
vt 0.390779 0.995577
vt 0.832643 0.630579
vt 0.952766 0.030199
vt 0.399301 0.986288
vt 0.372154 0.988603
vt 0.823047 0.019124
vt 0.368036 0.997278
vt 0.201710 0.699634
vt 0.343180 0.987378
vt 0.961365 0.619226
vt 0.987830 0.019689
vt 0.654461 0.561997
vt 0.796678 0.561847
vt 0.977030 0.496036
vt 0.306575 0.704229
vt 0.459924 0.874710
vt 0.391001 0.931792
vt 0.536953 0.995547
vt 0.807736 0.624550
vt 0.806166 0.056339
vt 0.651718 0.580074
vt 0.794793 0.066880
vt 0.630279 0.667493
vt 0.528628 0.667493
vt 0.278795 0.883551
vt 0.807826 0.023152
vt 0.662730 0.056747
vt 0.210752 0.987690
vt 0.651787 0.067614
vt 0.794761 0.580287
vt 0.522761 0.820297
vt 0.522761 0.820881
vt 0.522761 0.848881
vt 0.522761 0.849426
vt 0.844055 0.043918
vt 0.844155 0.043202
vt 0.837614 0.016061
vt 0.837187 0.015476
vt 0.987317 0.515708
vt 0.554003 0.986828
vt 0.198357 0.996720
vt 0.977519 0.000017
vt 0.551876 0.995968
vt 0.977030 0.515353
vt 0.987830 0.000384
vt 0.196429 0.987602
vt 0.971574 0.055929
vt 0.971175 0.055348
vt 0.965622 0.028086
vt 0.965759 0.027394
vt 0.153980 0.670704
vt 0.153980 0.671270
vt 0.153980 0.699058
vt 0.153980 0.699634
vt 0.803029 0.820881
vt 0.803029 0.848881
vt 0.420818 0.704804
vt 0.420818 0.732593
vt 0.735910 0.668034
vt 0.735910 0.696024
vt 0.420820 0.671270
vt 0.420820 0.699058
vt 0.169079 0.736355
vt 0.421021 0.733160
vt 0.431089 0.737018
vt 0.803526 0.849426
vt 0.736143 0.696608
vt 0.134246 0.756588
vt 0.432329 0.703492
vt 0.421313 0.699634
vt 0.715770 0.776665
vt 0.663580 0.766124
vt 0.803259 0.820297
vt 0.808980 0.766124
vt 0.744055 0.790418
vt 0.151400 0.740362
vt 0.697544 0.790495
vt 0.463854 0.766124
vt 0.616454 0.766124
vt 0.666236 0.776600
vt 0.116568 0.752579
vt 0.581107 0.872092
vt 0.460749 0.732538
vt 0.606749 0.732538
vt 0.552673 0.858140
vt 0.599362 0.858297
vt 0.656722 0.732538
vt 0.421023 0.670704
vt 0.809570 0.732538
vt 0.630465 0.872096
vt 0.563484 0.766124
vt 0.613262 0.775344
vt 0.758009 0.766124
vt 0.785318 0.797136
vt 0.765220 0.775788
vt 0.714385 0.766124
vt 0.644167 0.797843
vt 0.507895 0.766124
vt 0.651651 0.857515
vt 0.709693 0.732538
vt 0.530571 0.879365
vt 0.503559 0.732538
vt 0.556660 0.732538
vt 0.501866 0.856976
vt 0.755116 0.732538
vt 0.673068 0.878828
vt 0.843979 0.603814
vt 0.839394 0.603239
vt 0.455504 0.696608
vt 0.010461 0.995708
vt 0.153975 0.733160
vt 0.157961 0.733160
vt 0.971542 0.591221
vt 0.024095 0.977911
vt 0.830276 0.600451
vt 0.201706 0.733160
vt 0.019886 0.995193
vt 0.033003 0.935022
vt 0.279821 0.969673
vt 0.527342 0.820297
vt 0.247072 0.968289
vt 0.967231 0.057208
vt 0.463385 0.696608
vt 0.005044 0.989104
vt 0.958575 0.588655
vt 0.029573 0.984596
vt 0.184885 0.985337
vt 0.813845 0.084649
vt 0.671619 0.084766
vt 0.103821 0.979512
vt 0.697450 0.820297
vt 0.174134 0.850910
vt 0.595849 0.820297
vt 0.250365 0.978626
vt 0.094876 0.856531
vt 0.306578 0.670704
vt 0.018732 0.923273
vt 0.815227 0.051174
vt 0.184469 0.985822
vt 0.977509 0.516038
vt 0.104120 0.978994
vt 0.987359 0.992509
vt 0.977075 0.992868
vt 0.100743 0.969156
vt 0.181809 0.995693
vt 0.987840 0.515672
vt 0.151819 0.739907
vt 0.168518 0.736120
vt 0.117128 0.752344
vt 0.133828 0.756133
vt 0.482328 0.783282
vt 0.496977 0.787070
vt 0.497334 0.787483
vt 0.389738 0.846649
vt 0.259135 0.785409
vt 0.273901 0.782071
vt 0.274396 0.782279
vt 0.367696 0.842521
vn 0.578278 -0.791046 0.199601
vn 0.576275 -0.791428 0.203838
vn 0.577045 -0.791283 0.202212
vn 0.578278 -0.791047 0.199601
vn 0.574076 -0.791824 0.208452
vn 0.574076 -0.791824 0.208452
vn -0.704428 0.677909 0.210287
vn -0.704100 0.678237 0.210328
vn -0.692009 0.688257 0.217774
vn -0.691785 0.688669 0.217183
vn -0.703701 0.678624 0.210414
vn -0.692241 0.687795 0.218496
vn -0.707108 -0.707106 0.000002
vn -0.707111 -0.707102 0.000002
vn -0.707109 -0.707105 0.000002
vn -0.707120 -0.707094 0.000002
vn -0.707115 -0.707099 0.000002
vn -0.707098 -0.707115 0.000002
vn -0.485638 0.659959 0.573245
vn -0.483661 0.659137 0.575856
vn -0.483764 0.659181 0.575720
vn -0.485638 0.659959 0.573245
vn -0.481117 0.658073 0.579194
vn -0.481117 0.658073 0.579194
vn -0.690683 0.690681 0.214281
vn -0.690680 0.690679 0.214296
vn -0.692012 0.688254 0.217775
vn -0.691785 0.688669 0.217183
vn -0.690676 0.690678 0.214315
vn -0.692248 0.687787 0.218498
vn 0.703702 0.678623 0.210414
vn 0.704100 0.678237 0.210328
vn 0.692008 0.688258 0.217774
vn 0.692239 0.687797 0.218496
vn 0.704428 0.677909 0.210287
vn 0.691785 0.688669 0.217182
vn 0.707115 -0.707099 0.000002
vn 0.707111 -0.707102 0.000002
vn 0.707109 -0.707105 0.000002
vn 0.707098 -0.707115 0.000002
vn 0.707108 -0.707106 0.000002
vn 0.707120 -0.707094 0.000002
vn -1.000000 -0.000000 0.000000
vn -1.000000 -0.000002 0.000000
vn -1.000000 -0.000001 0.000000
vn -1.000000 -0.000000 0.000000
vn -1.000000 0.000002 0.000000
vn -1.000000 0.000002 0.000000
vn -1.000000 0.000002 0.000000
vn -1.000000 0.000002 0.000000
vn -1.000000 0.000000 0.000000
vn -1.000000 -0.000000 0.000000
vn -1.000000 -0.000000 0.000000
vn -1.000000 0.000000 0.000000
vn -1.000000 -0.000000 0.000000
vn -1.000000 -0.000000 0.000000
vn -1.000000 0.000000 0.000000
vn -1.000000 0.000000 0.000000
vn -1.000000 0.000001 0.000000
vn -1.000000 0.000000 0.000000
vn 0.798589 0.000000 0.601877
vn 0.798589 0.000000 0.601877
vn 0.798589 0.000000 0.601877
vn 0.798589 0.000000 0.601877
vn 1.000000 0.000000 0.000000
vn 1.000000 0.000000 0.000000
vn 1.000000 0.000000 0.000000
vn 1.000000 0.000001 0.000000
vn 1.000000 -0.000000 0.000000
vn 1.000000 0.000000 0.000000
vn 1.000000 0.000000 0.000000
vn 1.000000 -0.000000 0.000000
vn 1.000000 -0.000000 0.000000
vn 1.000000 -0.000000 0.000000
vn 1.000000 0.000000 0.000000
vn 1.000000 0.000000 0.000000
vn 1.000000 0.000000 0.000000
vn 1.000000 0.000000 0.000000
vn 1.000000 0.000000 0.000000
vn 1.000000 0.000000 0.000000
vn -0.000789 -0.954585 -0.297938
vn -0.000032 -0.954329 -0.298758
vn -0.000304 -0.954632 -0.297788
vn -0.000775 -0.955124 -0.296206
vn 0.000775 0.955124 0.296205
vn 0.000303 0.954631 0.297791
vn 0.000033 0.954329 0.298757
vn 0.000799 0.954588 0.297927
vn -0.000000 0.000000 1.000000
vn -0.000000 0.000000 1.000000
vn -0.000000 0.000000 1.000000
vn -0.000000 0.000000 1.000000
vn 0.000000 0.953343 0.301890
vn 0.000000 0.953343 0.301890
vn 0.000700 0.955120 0.296217
vn 0.000700 0.955120 0.296217
vn 0.000000 0.000000 -1.000000
vn 0.000000 0.000000 -1.000000
vn 0.000000 0.000000 -1.000000
vn 0.000000 0.000000 -1.000000
vn 0.000000 0.664738 0.747077
vn 0.000000 0.664738 0.747077
vn 0.000000 0.664738 0.747077
vn 0.000000 0.664738 0.747077
vn 0.000000 -0.660841 -0.750526
vn 0.000000 -0.660841 -0.750526
vn 0.000000 -0.660841 -0.750526
vn 0.000000 -0.660841 -0.750526
vn 0.000000 0.000000 1.000000
vn 0.000000 0.000000 1.000000
vn 0.000000 0.000000 1.000000
vn 0.000000 0.000000 1.000000
vn 0.000000 0.000000 -1.000000
vn 0.000000 0.000000 -1.000000
vn 0.000000 0.000000 -1.000000
vn 0.000000 0.000000 -1.000000
vn 0.000000 -1.000000 0.000003
vn 0.000000 -1.000000 0.000003
vn 0.000000 -1.000000 0.000003
vn 0.000000 -1.000000 0.000003
vn 0.000000 0.400659 -0.916227
vn 0.000000 0.400659 -0.916227
vn 0.000000 0.400659 -0.916227
vn 0.000000 0.400659 -0.916227
vn 0.000000 0.431953 0.901896
vn 0.000000 0.431953 0.901896
vn 0.000000 0.431953 0.901896
vn 0.000000 0.431953 0.901896
vn 1.000000 0.000000 0.000000
vn 1.000000 0.000000 0.000000
vn 1.000000 0.000000 0.000000
vn 1.000000 0.000000 0.000000
vn 1.000000 -0.000000 0.000000
vn 1.000000 -0.000001 0.000000
vn 1.000000 0.000001 0.000000
vn 1.000000 0.000001 0.000000
vn 1.000000 0.000001 0.000000
vn 1.000000 0.000001 0.000000
vn 1.000000 -0.000000 0.000000
vn 1.000000 -0.000000 0.000000
vn 1.000000 -0.000000 0.000000
vn 1.000000 -0.000000 0.000000
vn 1.000000 0.000000 0.000000
vn 1.000000 0.000000 0.000000
vn 1.000000 0.000000 0.000000
vn 1.000000 0.000000 0.000000
vn 1.000000 0.000000 0.000000
vn 1.000000 0.000000 0.000000
vn -1.000000 0.000000 0.000000
vn -1.000000 0.000000 0.000000
vn -1.000000 0.000000 0.000000
vn -1.000000 0.000000 0.000000
vn -1.000000 0.000000 0.000000
vn -1.000000 0.000000 0.000000
vn -1.000000 0.000000 0.000000
vn -1.000000 0.000000 0.000000
vn -1.000000 0.000000 0.000000
vn -1.000000 0.000000 0.000000
vn -1.000000 -0.000000 0.000000
vn -1.000000 0.000000 0.000000
vn -1.000000 0.000000 0.000000
vn -1.000000 -0.000000 0.000000
vn -1.000000 -0.000000 0.000000
vn -1.000000 0.000000 0.000000
vn -1.000000 0.000000 0.000000
vn -1.000000 0.000000 0.000000
vn -1.000000 -0.000000 0.000000
vn -1.000000 0.000001 0.000000
vn -1.000000 -0.000001 0.000000
vn 0.000304 -0.954632 -0.297788
vn 0.000775 -0.955124 -0.296206
vn 0.000733 -0.954870 -0.297022
vn 0.000733 -0.954870 -0.297022
vn -0.000700 0.955120 0.296217
vn -0.000775 0.955124 0.296205
vn -0.000303 0.954631 0.297791
vn -0.000700 0.955120 0.296217
vn 0.000000 0.000000 1.000000
vn 0.000000 0.000000 1.000000
vn 0.000000 0.000000 1.000000
vn 0.000000 0.000000 1.000000
vn 0.000000 0.953343 0.301889
vn 0.000000 0.953343 0.301889
vn 0.000000 0.000000 -1.000000
vn 0.000000 0.000000 -1.000000
vn 0.000000 0.000000 -1.000000
vn 0.000000 0.000000 -1.000000
vn 0.000000 0.664738 0.747077
vn 0.000000 0.664738 0.747077
vn 0.000000 0.664738 0.747077
vn 0.000000 0.664738 0.747077
vn 0.000000 -0.660841 -0.750526
vn 0.000000 -0.660841 -0.750526
vn 0.000000 -0.660841 -0.750526
vn 0.000000 -0.660841 -0.750526
vn 0.000000 0.000000 1.000000
vn 0.000000 0.000000 1.000000
vn 0.000000 0.000000 1.000000
vn 0.000000 0.000000 1.000000
vn 0.000000 0.000000 -1.000000
vn 0.000000 0.000000 -1.000000
vn 0.000000 0.000000 -1.000000
vn 0.000000 0.000000 -1.000000
vn 0.000000 -1.000000 0.000003
vn 0.000000 -1.000000 0.000003
vn 0.000000 -1.000000 0.000003
vn 0.000000 -1.000000 0.000003
vn 0.000000 0.400659 -0.916227
vn 0.000000 0.400659 -0.916227
vn 0.000000 0.400659 -0.916227
vn 0.000000 0.400659 -0.916227
vn 0.000000 0.431953 0.901896
vn 0.000000 0.431953 0.901896
vn 0.000000 0.431953 0.901896
vn 0.000000 0.431953 0.901896
vn 1.000000 0.000000 0.000000
vn 1.000000 0.000000 0.000000
vn -1.000000 0.000000 0.000000
vn -1.000000 0.000000 0.000000
vn -0.000733 -0.954870 -0.297022
vn -0.000733 -0.954870 -0.297022
vn -0.798589 0.000000 0.601877
vn -0.798589 0.000000 0.601877
vn -0.798589 0.000000 0.601877
vn -0.798589 0.000000 0.601877
vn -0.000799 0.954588 0.297927
vn -0.000033 0.954329 0.298757
vn 0.000789 -0.954585 -0.297937
vn 0.000032 -0.954329 -0.298758
vn 0.000000 0.000000 -1.000000
vn 0.000000 0.000000 -1.000000
vn 0.000000 0.000000 -1.000000
vn 0.000000 0.000000 -1.000000
vn -0.001023 -0.818652 0.574289
vn -0.001871 -0.818488 0.574521
vn -0.000062 -0.805579 0.592488
vn -0.000039 -0.805559 0.592516
vn -0.002220 -0.818420 0.574617
vn -0.000085 -0.805598 0.592462
vn 0.001298 0.581181 0.813774
vn 0.001063 0.581116 0.813820
vn 0.000036 0.592721 0.805408
vn 0.000052 0.592730 0.805401
vn 0.000521 0.580966 0.813928
vn 0.000021 0.592712 0.805414
vn 0.481117 0.658073 0.579194
vn 0.483661 0.659137 0.575856
vn 0.483764 0.659181 0.575720
vn 0.481117 0.658073 0.579194
vn 0.485638 0.659959 0.573245
vn 0.485638 0.659959 0.573245
vn 0.698949 -0.683056 -0.211905
vn 0.698948 -0.683071 -0.211861
vn 0.699412 -0.682428 -0.212404
vn 0.699425 -0.682399 -0.212455
vn 0.698948 -0.683082 -0.211827
vn 0.699399 -0.682456 -0.212353
vn 0.690689 0.690692 0.214227
vn 0.690689 0.690692 0.214227
vn 0.690678 0.690680 0.214302
vn 0.690677 0.690674 0.214323
vn 0.690689 0.690692 0.214227
vn 0.690680 0.690683 0.214285
vn 0.692026 0.688237 0.217786
vn 0.692263 0.687771 0.218500
vn 0.691785 0.688665 0.217199
vn 0.726538 0.339688 0.597289
vn 0.726489 0.340257 0.597025
vn 0.730535 0.232271 0.642160
vn 0.730535 0.232132 0.642210
vn 0.726419 0.341067 0.596648
vn 0.730534 0.232365 0.642126
vn 0.697765 0.000048 -0.716327
vn 0.697888 0.000012 -0.716207
vn 0.725786 -0.293974 -0.621943
vn 0.725797 -0.293756 -0.622034
vn 0.697979 -0.000076 -0.716118
vn 0.725771 -0.294280 -0.621817
vn 0.707105 0.000000 0.707109
vn 0.707104 0.000000 0.707109
vn 0.707105 0.000000 0.707108
vn 0.730234 -0.236164 -0.641081
vn 0.730243 -0.236485 -0.640953
vn 0.730228 -0.235934 -0.641173
vn 0.707106 0.000000 -0.707107
vn 0.707120 0.000000 -0.707094
vn 0.707100 0.000000 -0.707113
vn 0.707101 -0.707113 0.000002
vn 0.707101 -0.707113 0.000002
vn 0.707098 -0.707115 0.000002
vn 0.707098 -0.707115 0.000002
vn 0.707101 -0.707113 0.000002
vn 0.707098 -0.707115 0.000002
vn 0.674584 0.299763 -0.674595
vn 0.673777 0.303384 -0.673782
vn 0.674145 0.301741 -0.674153
vn 0.674584 0.299763 -0.674595
vn 0.672547 0.308816 -0.672543
vn 0.672547 0.308816 -0.672542
vn 0.666236 0.335050 0.666236
vn 0.667655 0.329355 0.667654
vn 0.668117 0.327473 0.668117
vn 0.666236 0.335050 0.666236
vn 0.668621 0.325412 0.668620
vn 0.668621 0.325412 0.668620
vn -0.687719 -0.693171 -0.215770
vn -0.687726 -0.693197 -0.215665
vn -0.686527 -0.694510 -0.215258
vn -0.686467 -0.694524 -0.215405
vn -0.687732 -0.693223 -0.215560
vn -0.686550 -0.694505 -0.215202
vn -0.705506 0.676931 0.209823
vn -0.705494 0.676957 0.209782
vn -0.705530 0.676880 0.209906
vn -0.697979 -0.000076 -0.716118
vn -0.697888 0.000012 -0.716207
vn -0.725788 -0.293969 -0.621944
vn -0.725774 -0.294266 -0.621819
vn -0.697765 0.000048 -0.716327
vn -0.725797 -0.293756 -0.622034
vn -0.726419 0.341066 0.596648
vn -0.726489 0.340256 0.597025
vn -0.730534 0.232270 0.642160
vn -0.730534 0.232365 0.642126
vn -0.726538 0.339688 0.597289
vn -0.730535 0.232131 0.642210
vn -0.730235 -0.236157 -0.641082
vn -0.730230 -0.235923 -0.641174
vn -0.730243 -0.236486 -0.640952
vn -0.707105 0.000000 0.707109
vn -0.707105 0.000000 0.707108
vn -0.707104 0.000000 0.707109
vn -0.707106 0.000000 -0.707107
vn -0.707100 0.000000 -0.707113
vn -0.707120 0.000000 -0.707094
vn -0.674587 0.299750 -0.674598
vn -0.674146 0.301733 -0.674154
vn -0.673778 0.303382 -0.673783
vn -0.674587 0.299750 -0.674598
vn -0.672544 0.308829 -0.672539
vn -0.672544 0.308829 -0.672539
vn -0.668621 0.325412 0.668620
vn -0.667652 0.329366 0.667652
vn -0.668116 0.327479 0.668116
vn -0.668621 0.325412 0.668620
vn -0.666229 0.335077 0.666230
vn -0.666229 0.335077 0.666230
vn 0.002220 -0.818420 0.574617
vn 0.001871 -0.818488 0.574521
vn 0.000062 -0.805579 0.592488
vn 0.000085 -0.805598 0.592462
vn 0.001023 -0.818652 0.574289
vn 0.000039 -0.805559 0.592516
vn -0.574076 -0.791824 0.208452
vn -0.576275 -0.791428 0.203838
vn -0.577045 -0.791283 0.202212
vn -0.574076 -0.791824 0.208452
vn -0.578278 -0.791046 0.199601
vn -0.578278 -0.791047 0.199601
vn -0.000521 0.580966 0.813928
vn -0.001063 0.581116 0.813820
vn -0.000036 0.592721 0.805408
vn -0.000021 0.592712 0.805414
vn -0.001298 0.581180 0.813774
vn -0.000052 0.592730 0.805401
vn -0.698947 -0.683083 -0.211827
vn -0.698947 -0.683072 -0.211861
vn -0.699411 -0.682429 -0.212405
vn -0.699398 -0.682457 -0.212354
vn -0.698948 -0.683057 -0.211906
vn -0.699423 -0.682400 -0.212456
vn -0.690691 0.690691 0.214227
vn -0.690691 0.690691 0.214227
vn -0.690691 0.690691 0.214227
vn -0.697979 -0.000076 -0.716118
vn -0.697888 0.000012 -0.716207
vn -0.725786 -0.293974 -0.621943
vn -0.725771 -0.294280 -0.621816
vn -0.697765 0.000048 -0.716327
vn -0.725797 -0.293756 -0.622034
vn -0.730234 -0.236164 -0.641081
vn -0.730228 -0.235934 -0.641173
vn -0.730243 -0.236485 -0.640953
vn -0.726419 0.341067 0.596648
vn -0.726489 0.340257 0.597025
vn -0.730535 0.232271 0.642160
vn -0.730534 0.232365 0.642126
vn -0.726538 0.339688 0.597289
vn -0.730535 0.232132 0.642210
vn -0.707106 0.000000 -0.707107
vn -0.707100 0.000000 -0.707113
vn -0.707120 0.000000 -0.707094
vn -0.707105 0.000000 0.707109
vn -0.707105 0.000000 0.707108
vn -0.707104 0.000000 0.707109
vn -0.707101 -0.707112 0.000002
vn -0.707101 -0.707112 0.000002
vn -0.707098 -0.707115 0.000002
vn -0.707098 -0.707115 0.000002
vn -0.707101 -0.707112 0.000002
vn -0.707098 -0.707115 0.000002
vn -0.672547 0.308816 -0.672543
vn -0.673777 0.303384 -0.673782
vn -0.674145 0.301741 -0.674153
vn -0.672547 0.308816 -0.672542
vn -0.674584 0.299763 -0.674595
vn -0.674584 0.299763 -0.674595
vn -0.668621 0.325412 0.668620
vn -0.667652 0.329366 0.667652
vn -0.668116 0.327479 0.668116
vn -0.668621 0.325412 0.668620
vn -0.666229 0.335077 0.666230
vn -0.666229 0.335077 0.666230
vn 0.687732 -0.693223 -0.215560
vn 0.687725 -0.693197 -0.215665
vn 0.686527 -0.694510 -0.215258
vn 0.686550 -0.694505 -0.215202
vn 0.687719 -0.693171 -0.215771
vn 0.686467 -0.694524 -0.215405
vn 0.705507 0.676931 0.209823
vn 0.705530 0.676880 0.209906
vn 0.705495 0.676956 0.209781
vn 0.697765 0.000048 -0.716327
vn 0.697888 0.000012 -0.716207
vn 0.725788 -0.293969 -0.621944
vn 0.725797 -0.293756 -0.622034
vn 0.697979 -0.000076 -0.716118
vn 0.725774 -0.294266 -0.621819
vn 0.726538 0.339688 0.597289
vn 0.726489 0.340256 0.597025
vn 0.730534 0.232270 0.642161
vn 0.730535 0.232131 0.642210
vn 0.726419 0.341066 0.596648
vn 0.730534 0.232365 0.642126
vn 0.730235 -0.236157 -0.641082
vn 0.730243 -0.236486 -0.640952
vn 0.730230 -0.235923 -0.641174
vn 0.707105 0.000000 0.707109
vn 0.707104 0.000000 0.707109
vn 0.707105 0.000000 0.707108
vn 0.707106 0.000000 -0.707107
vn 0.707120 0.000000 -0.707094
vn 0.707100 0.000000 -0.707113
vn 0.672544 0.308829 -0.672539
vn 0.674146 0.301733 -0.674154
vn 0.673778 0.303382 -0.673783
vn 0.672544 0.308829 -0.672539
vn 0.674587 0.299750 -0.674598
vn 0.674587 0.299750 -0.674598
vn 0.666229 0.335077 0.666230
vn 0.667652 0.329366 0.667652
vn 0.668116 0.327479 0.668116
vn 0.666229 0.335077 0.666230
vn 0.668621 0.325412 0.668620
vn 0.668621 0.325412 0.668620
vn 0.000000 0.832854 -0.553493
vn 0.000000 0.832844 -0.553508
vn 0.000000 0.832844 -0.553508
vn 0.000000 0.832854 -0.553493
vn 0.000000 0.832821 -0.553543
vn 0.000000 0.832821 -0.553543
vn 0.000000 -0.568905 -0.822403
vn 0.000000 -0.568865 -0.822431
vn 0.000000 -0.568865 -0.822431
vn 0.000000 -0.568905 -0.822403
vn 0.000000 -0.568847 -0.822444
vn 0.000000 -0.568847 -0.822444
vn 0.854373 -0.324179 0.406147
vn 0.854373 -0.324179 0.406147
vn 0.854371 -0.324181 0.406148
vn 0.854371 -0.324182 0.406148
vn 0.854370 -0.324184 0.406149
vn 0.854370 -0.324184 0.406149
vn 0.000000 -0.623823 0.781566
vn 0.000000 -0.623823 0.781566
vn 0.000000 -0.623823 0.781566
vn 0.000000 -0.623823 0.781566
vn 0.848849 0.492064 -0.193208
vn 0.848878 0.492002 -0.193237
vn 0.848968 0.491809 -0.193330
vn 0.848968 0.491809 -0.193330
vn 0.848758 0.492257 -0.193115
vn 0.848758 0.492257 -0.193115
vn 0.000000 0.930886 -0.365310
vn 0.000000 0.930886 -0.365310
vn 0.000000 0.930886 -0.365310
vn 0.000000 0.930886 -0.365310
vn -0.854376 -0.324163 0.406152
vn -0.854376 -0.324163 0.406152
vn -0.854373 -0.324176 0.406148
vn -0.854374 -0.324173 0.406149
vn -0.854371 -0.324186 0.406146
vn -0.854371 -0.324186 0.406146
vn -0.848942 0.491864 -0.193304
vn -0.848942 0.491864 -0.193304
vn -0.848860 0.492044 -0.193210
vn -0.848833 0.492102 -0.193180
vn -0.848750 0.492281 -0.193086
vn -0.848750 0.492281 -0.193086
vn -0.855413 -0.482521 0.188260
vn -0.855413 -0.482521 0.188260
vn -0.855413 -0.482522 0.188259
vn -0.855413 -0.482522 0.188259
vn -0.855413 -0.482520 0.188262
vn -0.855413 -0.482520 0.188262
vn 0.000000 -0.931601 0.363483
vn 0.000000 -0.931601 0.363483
vn 0.000000 -0.931601 0.363483
vn 0.000000 -0.931601 0.363483
vn -0.846103 0.331714 -0.417225
vn -0.846103 0.331714 -0.417225
vn -0.846435 0.331218 -0.416945
vn -0.846349 0.331345 -0.417017
vn -0.846681 0.330850 -0.416737
vn -0.846681 0.330850 -0.416737
vn 0.000000 0.622200 -0.782858
vn 0.000000 0.622200 -0.782858
vn 0.000000 0.622200 -0.782858
vn 0.000000 0.622200 -0.782858
vn 0.855419 -0.482510 0.188262
vn 0.855412 -0.482523 0.188263
vn 0.855412 -0.482523 0.188263
vn 0.855421 -0.482506 0.188262
vn 0.855428 -0.482494 0.188262
vn 0.855428 -0.482494 0.188262
vn 0.846432 0.331228 -0.416942
vn 0.846092 0.331747 -0.417220
vn 0.846092 0.331747 -0.417220
vn 0.846345 0.331361 -0.417014
vn 0.846685 0.330842 -0.416736
vn 0.846685 0.330842 -0.416736
vn 0.707107 -0.671543 -0.221427
vn 0.707105 -0.671544 -0.221428
vn 0.707112 -0.671538 -0.221426
vn -0.707108 -0.671542 -0.221427
vn -0.707117 -0.671533 -0.221425
vn -0.707105 -0.671544 -0.221428
vn -0.691976 -0.000284 -0.721920
vn -0.691953 -0.000565 -0.721942
vn -0.692050 0.000620 -0.721849
vn 0.707107 -0.671543 -0.221427
vn 0.707105 -0.671544 -0.221428
vn 0.707112 -0.671538 -0.221426
vn 0.691978 -0.000283 -0.721919
vn 0.692051 0.000621 -0.721848
vn 0.691955 -0.000564 -0.721941
vn 0.000000 -0.949705 -0.313148
vn 0.000000 -0.949705 -0.313148
vn 0.000000 0.000000 -1.000000
vn 0.000000 0.000000 -1.000000
vn 0.000000 0.951049 0.309041
vn 0.000000 0.951049 0.309041
vn 0.000000 0.000000 1.000000
vn 0.000000 0.000000 1.000000
vn 0.000000 0.000000 1.000000
vn 0.000000 0.000000 1.000000
vn 0.000000 -0.949705 -0.313148
vn 0.000000 -0.949705 -0.313148
vn 0.000000 0.000000 -1.000000
vn 0.000000 0.000000 -1.000000
vn 0.000000 0.951049 0.309039
vn 0.000000 0.951049 0.309039
vn 0.000000 0.000000 1.000000
vn 0.000000 0.000000 1.000000
vn 0.000000 0.000000 1.000000
vn 0.000000 0.000000 1.000000
vn 0.707100 0.000000 0.707114
vn 0.707102 0.000000 0.707111
vn 0.707111 0.000000 0.707103
vn 0.694310 0.684414 0.222512
vn 0.694267 0.684397 0.222699
vn 0.694441 0.684463 0.221950
vn 0.691954 -0.000562 -0.721942
vn 0.691979 -0.000282 -0.721918
vn 0.692058 0.000619 -0.721842
vn -0.707111 0.000000 0.707103
vn -0.707102 0.000000 0.707111
vn -0.707100 0.000000 0.707114
vn -0.694272 0.684432 0.222575
vn -0.694377 0.684510 0.222008
vn -0.694237 0.684406 0.222764
vn -0.707108 -0.671542 -0.221427
vn -0.707117 -0.671533 -0.221425
vn -0.707105 -0.671544 -0.221428
vn -0.694284 0.684418 0.222579
vn -0.694377 0.684510 0.222008
vn -0.694253 0.684388 0.222769
vn -0.692051 0.000624 -0.721848
vn -0.691978 -0.000280 -0.721919
vn -0.691955 -0.000560 -0.721941
vn -0.707111 0.000000 0.707103
vn -0.707102 0.000000 0.707111
vn -0.707100 0.000000 0.707114
vn 0.707100 0.000000 0.707114
vn 0.707102 0.000000 0.707111
vn 0.707111 0.000000 0.707103
vn 0.694272 0.684432 0.222575
vn 0.694237 0.684406 0.222763
vn 0.694377 0.684510 0.222008
vn 0.855420 -0.482507 0.188263
vn 0.855423 -0.482502 0.188265
vn 0.855423 -0.482502 0.188265
vn 0.855420 -0.482509 0.188262
vn 0.855417 -0.482514 0.188260
vn 0.855417 -0.482514 0.188259
vn 0.000000 -0.931601 0.363483
vn 0.000000 -0.931601 0.363483
vn 0.000000 -0.931601 0.363483
vn 0.000000 -0.931601 0.363483
vn -0.855420 -0.482509 0.188262
vn -0.855428 -0.482494 0.188262
vn -0.855428 -0.482494 0.188262
vn -0.855422 -0.482505 0.188262
vn -0.855413 -0.482520 0.188262
vn -0.855413 -0.482520 0.188262
vn -0.854371 -0.324182 0.406147
vn -0.854373 -0.324178 0.406148
vn -0.854377 -0.324166 0.406149
vn -0.854377 -0.324166 0.406149
vn -0.854367 -0.324194 0.406147
vn -0.854367 -0.324194 0.406147
vn 0.000000 -0.623823 0.781566
vn 0.000000 -0.623823 0.781566
vn 0.000000 -0.623823 0.781566
vn 0.000000 -0.623823 0.781566
vn 0.854373 -0.324175 0.406149
vn 0.854374 -0.324174 0.406149
vn 0.854372 -0.324176 0.406150
vn 0.854372 -0.324176 0.406150
vn 0.854375 -0.324173 0.406148
vn 0.854375 -0.324173 0.406148
vn 1.000000 0.000001 0.000000
vn 1.000000 0.000001 0.000000
vn 1.000000 0.000000 0.000000
vn 1.000000 0.000000 0.000000
vn 1.000000 0.000000 0.000000
vn 1.000000 0.000000 0.000000
vn -1.000000 -0.000003 0.000000
vn -1.000000 -0.000003 0.000000
vn -1.000000 0.000000 0.000000
vn -1.000000 0.000000 0.000000
vn 0.846336 0.331329 -0.417057
vn 0.846420 0.331199 -0.416989
vn 0.846091 0.331705 -0.417254
vn 0.846091 0.331705 -0.417254
vn 0.846664 0.330823 -0.416792
vn 0.846664 0.330823 -0.416792
vn 0.000000 0.622200 -0.782858
vn 0.000000 0.622200 -0.782858
vn 0.000000 0.622200 -0.782858
vn 0.000000 0.622200 -0.782858
vn -0.846434 0.331220 -0.416944
vn -0.846688 0.330829 -0.416739
vn -0.846688 0.330829 -0.416739
vn -0.846346 0.331356 -0.417015
vn -0.846092 0.331747 -0.417220
vn -0.846092 0.331747 -0.417220
vn -0.848866 0.492033 -0.193211
vn -0.848748 0.492285 -0.193088
vn -0.848748 0.492285 -0.193088
vn -0.848837 0.492094 -0.193181
vn -0.848956 0.491841 -0.193305
vn -0.848956 0.491841 -0.193305
vn 0.000000 0.930887 -0.365309
vn 0.000000 0.930887 -0.365309
vn 0.000000 0.930887 -0.365309
vn 0.000000 0.930887 -0.365309
vn 0.848833 0.492102 -0.193180
vn 0.848860 0.492044 -0.193210
vn 0.848942 0.491864 -0.193304
vn 0.848942 0.491864 -0.193304
vn 0.848750 0.492281 -0.193086
vn 0.848750 0.492281 -0.193086
vn -1.000000 -0.000002 0.000000
vn -1.000000 -0.000002 0.000000
vn -1.000000 0.000000 0.000000
vn -1.000000 0.000000 0.000000
vn 1.000000 -0.000001 0.000000
vn 1.000000 -0.000001 0.000000
vn 1.000000 0.000000 0.000000
vn 1.000000 0.000000 0.000000
vn 1.000000 -0.000000 0.000000
vn 1.000000 -0.000000 0.000000
vn 1.000000 -0.000000 0.000000
vn 1.000000 -0.000000 0.000000
vn 0.699797 0.699769 -0.143554
vn 0.703841 0.703857 -0.095884
vn 0.703048 0.703056 -0.106933
vn 0.700781 0.700767 -0.133539
vn 0.702274 0.702282 -0.116670
vn 0.701846 0.701838 -0.121804
vn 0.000000 0.982610 -0.185684
vn 0.000000 0.988479 -0.151360
vn 0.000000 0.988479 -0.151360
vn 0.000000 0.982610 -0.185684
vn -0.701842 0.701841 -0.121803
vn -0.702279 0.702277 -0.116669
vn -0.703055 0.703050 -0.106933
vn -0.700772 0.700775 -0.133538
vn -0.703855 0.703843 -0.095884
vn -0.699778 0.699788 -0.143549
vn -1.000000 -0.000000 0.000000
vn -1.000000 0.000000 0.000000
vn -1.000000 0.000000 0.000000
vn -1.000000 -0.000000 0.000000
vn -0.707113 -0.707101 0.000000
vn -0.707114 -0.707100 0.000000
vn -0.707111 -0.707103 0.000000
vn -0.707110 -0.707104 0.000000
vn -0.707108 -0.707105 0.000000
vn -0.707106 -0.707107 0.000000
vn 0.000000 -1.000000 0.000000
vn 0.000000 -1.000000 0.000000
vn 0.000000 -1.000000 0.000000
vn 0.000000 -1.000000 0.000000
vn 0.707114 -0.707099 0.000000
vn 0.707104 -0.707110 0.000000
vn 0.707109 -0.707105 0.000000
vn 0.707120 -0.707094 0.000000
vn 0.707114 -0.707100 0.000000
vn 0.707126 -0.707088 0.000000
vn 0.000000 0.987148 0.159810
vn 0.000000 0.981529 0.191312
vn 0.000000 0.981529 0.191312
vn 0.000000 0.987148 0.159810
vn 0.701474 0.701481 0.125934
vn 0.701745 0.701764 0.122804
vn 0.702573 0.702593 0.112935
vn 0.700365 0.700379 0.137693
vn 0.703433 0.703455 0.101654
vn 0.699344 0.699364 0.147675
vn 1.000000 0.000000 0.000000
vn 1.000000 0.000000 0.000000
vn 1.000000 0.000000 0.000000
vn 1.000000 0.000000 0.000000
vn 0.707105 -0.707108 0.000000
vn 0.707098 -0.707115 0.000000
vn 0.707098 -0.707115 0.000000
vn 0.707105 -0.707109 0.000000
vn 0.707098 -0.707115 0.000000
vn 0.707104 -0.707110 0.000000
vn 0.000000 -1.000000 0.000000
vn 0.000000 -1.000000 0.000000
vn 0.000000 -1.000000 0.000000
vn 0.000000 -1.000000 0.000000
vn -0.707117 -0.707097 0.000000
vn -0.707112 -0.707102 0.000000
vn -0.707108 -0.707105 0.000000
vn -0.707115 -0.707099 0.000000
vn -0.707105 -0.707108 0.000000
vn -0.707112 -0.707102 0.000000
vn -1.000000 0.000000 0.000000
vn -1.000000 0.000000 0.000000
vn -1.000000 0.000000 0.000000
vn -1.000000 0.000000 0.000000
vn -0.699353 0.699355 0.147677
vn -0.703453 0.703435 0.101657
vn -0.702583 0.702583 0.112936
vn -0.700368 0.700375 0.137693
vn -0.701745 0.701764 0.122804
vn -0.701474 0.701481 0.125934
vn 0.000000 0.988479 -0.151360
vn 0.000000 0.982610 -0.185684
vn 0.000000 0.982610 -0.185684
vn 0.000000 0.988479 -0.151360
vn -0.701846 0.701838 -0.121804
vn -0.702274 0.702282 -0.116670
vn -0.703048 0.703056 -0.106933
vn -0.700781 0.700767 -0.133539
vn -0.703841 0.703857 -0.095884
vn -0.699797 0.699769 -0.143554
vn -1.000000 0.000000 0.000000
vn -1.000000 -0.000000 0.000000
vn -1.000000 -0.000000 0.000000
vn -1.000000 0.000000 0.000000
vn -0.707126 -0.707088 0.000000
vn -0.707114 -0.707100 0.000000
vn -0.707109 -0.707105 0.000000
vn -0.707120 -0.707094 0.000000
vn -0.707104 -0.707110 0.000000
vn -0.707114 -0.707099 0.000000
vn 0.000000 -1.000000 0.000000
vn 0.000000 -1.000000 0.000000
vn 0.000000 -1.000000 0.000000
vn 0.000000 -1.000000 0.000000
vn 0.707106 -0.707107 0.000000
vn 0.707108 -0.707105 0.000000
vn 0.707111 -0.707103 0.000000
vn 0.707110 -0.707104 0.000000
vn 0.707114 -0.707100 0.000000
vn 0.707113 -0.707101 0.000000
vn 1.000000 0.000000 0.000000
vn 1.000000 0.000000 0.000000
vn 1.000000 0.000000 0.000000
vn 1.000000 0.000000 0.000000
vn 0.699778 0.699788 -0.143549
vn 0.703855 0.703843 -0.095884
vn 0.703055 0.703050 -0.106933
vn 0.700772 0.700775 -0.133538
vn 0.702279 0.702277 -0.116669
vn 0.701842 0.701841 -0.121803
vn -1.000000 0.000000 0.000000
vn -1.000000 0.000001 0.000000
vn -1.000000 0.000001 0.000000
vn -1.000000 0.000000 0.000000
vn -0.699344 0.699364 0.147675
vn -0.703433 0.703455 0.101654
vn -0.702573 0.702593 0.112935
vn -0.700365 0.700379 0.137693
vn -0.701745 0.701764 0.122804
vn -0.701474 0.701481 0.125934
vn 0.000000 0.981529 0.191312
vn 0.000000 0.987148 0.159810
vn 0.000000 0.987148 0.159810
vn 0.000000 0.981529 0.191312
vn 0.701474 0.701481 0.125934
vn 0.701745 0.701764 0.122804
vn 0.702583 0.702583 0.112936
vn 0.700368 0.700375 0.137693
vn 0.703453 0.703435 0.101657
vn 0.699353 0.699355 0.147677
vn 1.000000 -0.000000 0.000000
vn 1.000000 0.000000 0.000000
vn 1.000000 0.000000 0.000000
vn 1.000000 -0.000000 0.000000
vn 0.707112 -0.707102 0.000000
vn 0.707105 -0.707108 0.000000
vn 0.707108 -0.707105 0.000000
vn 0.707115 -0.707099 0.000000
vn 0.707112 -0.707102 0.000000
vn 0.707117 -0.707097 0.000000
vn 0.000000 -1.000000 0.000000
vn 0.000000 -1.000000 0.000000
vn 0.000000 -1.000000 0.000000
vn 0.000000 -1.000000 0.000000
vn -0.707104 -0.707110 0.000000
vn -0.707098 -0.707115 0.000000
vn -0.707098 -0.707115 0.000000
vn -0.707105 -0.707109 0.000000
vn -0.707098 -0.707115 0.000000
vn -0.707105 -0.707108 0.000000
vn -1.000000 0.000000 0.000000
vn -1.000000 0.000000 0.000000
vn -1.000000 -0.000001 0.000000
vn -1.000000 -0.000001 0.000000
vn 1.000000 0.000001 0.000000
vn 1.000000 0.000001 0.000000
vn 1.000000 0.000000 0.000000
vn 1.000000 0.000000 0.000000
vn 0.000000 -1.000000 0.000000
vn 0.000000 -1.000000 0.000000
vn 0.000000 1.000000 0.000000
vn 0.000000 1.000000 0.000000
vn 0.000000 1.000000 0.000000
vn 0.000000 1.000000 0.000000
vn 0.000000 -1.000000 0.000000
vn 0.000000 -1.000000 0.000000
vn 1.000000 -0.000001 0.000000
vn 1.000000 -0.000001 0.000000
vn 1.000000 0.000000 0.000000
vn 1.000000 0.000000 0.000000
vn -1.000000 0.000001 0.000000
vn -1.000000 0.000001 0.000000
vn -1.000000 0.000000 0.000000
vn -1.000000 0.000000 0.000000
vn 0.000000 -1.000000 0.000000
vn 0.000000 -1.000000 0.000000
vn 0.000000 1.000000 0.000000
vn 0.000000 1.000000 0.000000
vn 0.000000 1.000000 0.000000
vn 0.000000 1.000000 0.000000
vn 0.000000 -1.000000 0.000000
vn 0.000000 -1.000000 0.000000
vn 0.707112 0.707101 0.000000
vn 0.707104 0.707110 0.000000
vn 0.707116 0.707098 0.000000
vn 0.707108 -0.707106 0.000000
vn 0.707110 -0.707104 0.000000
vn 0.707107 -0.707106 0.000000
vn 0.707104 0.707109 0.000000
vn 0.707108 0.707105 0.000000
vn 0.707095 0.707119 0.000000
vn 0.707121 -0.707093 0.000000
vn 0.707120 -0.707094 0.000000
vn 0.707123 -0.707091 0.000000
vn -0.707101 0.707112 0.000000
vn -0.707100 0.707114 0.000000
vn -0.707104 0.707110 0.000000
vn -0.707124 -0.707090 0.000000
vn -0.707130 -0.707083 0.000000
vn -0.707110 -0.707104 0.000000
vn -0.707104 0.707109 0.000000
vn -0.707095 0.707119 0.000000
vn -0.707108 0.707105 0.000000
vn -0.707106 -0.707108 0.000000
vn -0.707123 -0.707091 0.000000
vn -0.707099 -0.707115 0.000000
vn -0.707104 0.707109 0.000000
vn -0.707095 0.707119 0.000000
vn -0.707108 0.707105 0.000000
vn -0.707121 -0.707093 0.000000
vn -0.707123 -0.707091 0.000000
vn -0.707120 -0.707094 0.000000
vn -0.707108 -0.707106 0.000000
vn -0.707107 -0.707106 0.000000
vn -0.707110 -0.707104 0.000000
vn -0.707112 0.707101 0.000000
vn -0.707116 0.707098 0.000000
vn -0.707104 0.707110 0.000000
vn 0.707101 0.707112 0.000000
vn 0.707104 0.707110 0.000000
vn 0.707100 0.707114 0.000000
vn 0.707124 -0.707090 0.000000
vn 0.707110 -0.707104 0.000000
vn 0.707130 -0.707083 0.000000
vn 0.707104 0.707109 0.000000
vn 0.707108 0.707105 0.000000
vn 0.707095 0.707119 0.000000
vn 0.707106 -0.707108 0.000000
vn 0.707099 -0.707115 0.000000
vn 0.707123 -0.707091 0.000000
vn 0.707077 0.707136 0.000000
vn 0.707084 0.707129 0.000000
vn 0.707101 0.707112 0.000000
vn 0.000000 1.000000 0.000000
vn 0.000000 1.000000 0.000000
vn -0.707101 0.707112 0.000000
vn -0.707114 0.707099 0.000000
vn -0.707120 0.707094 0.000000
vn 0.707097 0.707117 0.000000
vn 0.707095 0.707119 0.000000
vn 0.707094 0.707120 0.000000
vn -0.707117 0.707096 0.000000
vn -0.707111 0.707102 0.000000
vn -0.707097 0.707117 0.000000
vn 0.000000 1.000000 0.000000
vn 0.000000 1.000000 0.000000
vn -0.707101 0.707112 0.000000
vn -0.707084 0.707129 0.000000
vn -0.707077 0.707136 0.000000
vn 0.707120 0.707094 0.000000
vn 0.707114 0.707099 0.000000
vn 0.707101 0.707112 0.000000
vn 0.000000 1.000000 0.000000
vn 0.000000 1.000000 0.000000
vn -0.707094 0.707120 0.000000
vn -0.707095 0.707119 0.000000
vn -0.707097 0.707117 0.000000
vn 0.000000 1.000000 0.000000
vn 0.000000 1.000000 0.000000
vn 0.707097 0.707117 0.000000
vn 0.707111 0.707102 0.000000
vn 0.707117 0.707096 0.000000
s 1
g Scifi_Table pPlane3
usemtl set1
f 7/5/5 6/501/6 9/483/7 8/8/8
f 6/485/6 5/9/9 10/10/10 9/7/7
s 2
f 76/11/11 75/12/12 78/572/13 77/14/14
f 75/593/12 74/15/15 79/16/16 78/13/13
s 3
f 103/17/17 102/18/18 105/539/19 104/20/20
f 102/541/18 101/21/21 106/22/22 105/19/19
s 4
f 127/23/23 126/498/24 129/473/25 128/26/26
f 126/476/24 125/27/27 130/28/28 129/25/25
s 5
f 136/29/29 135/30/30 138/456/31 137/32/32
f 135/474/30 134/33/33 139/34/34 138/31/31
s 6
f 190/35/35 189/36/36 192/570/37 191/38/38
f 189/589/36 188/39/39 193/40/40 192/37/37
s 7
f 217/41/41 216/42/42 219/526/43 218/44/44
f 216/534/42 215/45/45 220/46/46 219/43/43
s 8
f 76/11/47 77/14/48 262/47/49 71/48/50
s off
f 268/50/51 311/51/52 267/49/53 299/282/54
s 9
f 80/52/55 86/53/56 85/54/57 261/55/58
f 86/53/56 92/56/59 91/57/60 85/54/57
f 92/56/59 98/604/61 97/605/62 91/57/60
f 98/58/61 106/22/63 101/21/64 97/59/62
s off
f 7/5/65 8/8/66 14/60/67 11/496/68
s 10
f 20/62/69 19/63/70 245/64/71 23/65/72
s 11
f 26/66/73 255/67/74 294/68/75 246/69/76
f 26/66/73 246/69/76 29/70/77 32/71/78
f 32/71/78 29/70/77 35/72/79 38/73/80
f 38/73/80 35/72/79 41/610/81 44/611/82
f 44/75/82 41/74/81 47/76/83 50/77/84
s 12
f 5/9/85 65/78/86 238/79/87 10/10/88
s 13
f 16/80/89 233/81/90 70/82/91 13/83/92
s 14
f 11/61/93 68/84/94 67/85/95 7/497/96
s 13
f 25/86/97 79/16/98 74/15/99 22/87/100
s 16
f 34/88/101 88/89/102 82/90/103 28/91/104
s off
f 31/92/105 83/93/106 89/94/107 37/95/108
f 40/96/109 94/97/110 88/89/111 34/88/112
f 37/95/113 89/94/114 95/516/115 43/517/116
f 46/514/117 100/515/118 94/97/119 40/96/120
s 17
f 49/102/121 103/17/122 104/20/123 52/103/124
s off
f 58/104/125 107/105/126 110/106/127 55/107/128
f 61/108/129 113/109/130 116/110/131 64/111/132
s 18
f 239/596/133 244/113/134 187/114/135 188/39/136
f 188/39/136 187/114/135 282/115/137 193/40/138
s off
f 289/118/139 305/116/140 288/117/141 317/300/142
s 19
f 196/119/143 283/120/144 197/121/145 202/122/146
f 202/122/146 197/121/145 203/123/147 208/124/148
f 208/124/148 203/123/147 209/602/149 214/603/150
f 214/126/150 209/125/149 217/41/151 218/44/152
s 20
f 122/127/153 128/26/154 136/29/155 131/128/156
f 136/29/155 137/32/157 275/129/158 131/128/156
s off
f 300/130/159 277/131/160 312/132/161 276/133/162
s 21
f 140/134/163 146/135/164 143/136/165 274/137/166 273/138/167
f 146/135/164 152/139/168 149/140/169 143/136/165
f 152/139/168 158/606/170 155/607/171 149/140/169
f 158/141/170 164/143/172 161/144/173 155/142/171
s 12
f 242/145/174 124/146/175 133/147/176 185/148/177
s 13
f 134/33/178 130/28/179 241/149/180 190/35/181
s 14
f 127/494/182 119/150/183 179/151/184 184/152/185
s 13
f 139/34/186 134/33/178 190/35/181 191/38/187
s 24
f 148/153/188 142/154/189 194/155/190 200/156/191
s off
f 145/157/192 151/158/193 205/159/194 199/160/195
f 154/161/196 148/153/197 200/156/198 206/162/199
f 151/158/200 157/512/201 211/513/202 205/159/203
f 160/511/204 154/161/205 206/162/206 212/510/207
s 25
f 163/167/208 166/168/209 220/46/210 215/45/211
s off
f 172/169/212 169/170/213 226/171/214 223/172/215
f 175/173/216 178/174/217 232/175/218 229/176/219
s 10
f 14/60/220 8/8/221 19/63/70 20/62/69
s 13
f 22/87/100 74/15/99 233/81/90 16/80/89
s 8
f 236/594/222 235/178/223 76/11/47 71/48/50
s 12
f 10/10/88 238/79/87 73/179/224 17/180/225
s off
f 119/495/226 127/23/227 128/26/228 122/127/229
s 13
f 241/149/180 130/28/179 125/27/230 182/181/231
s 12
f 121/182/232 124/146/175 242/145/174 181/183/233
f 238/79/87 65/78/86 181/183/233 242/145/174
s 14
f 67/85/95 68/84/94 184/152/185 179/151/184
s 13
f 70/82/91 233/81/90 241/149/180 182/181/231
s off
f 235/595/234 236/177/235 244/597/236 239/112/237
s 26
f 5/9/238 6/485/239 66/468/240 65/78/241
f 6/6/239 7/497/242 67/85/243 66/184/240
s 27
f 11/61/244 12/500/245 69/466/246 68/84/247
f 12/484/245 13/83/248 70/82/249 69/186/246
s 28
f 13/83/250 12/484/251 15/482/252 16/80/253
f 12/185/251 11/496/254 14/60/255 15/187/252
s 29
f 8/8/256 9/483/257 18/464/258 19/63/259
f 9/7/257 10/10/260 17/180/261 18/188/258
s 30
f 16/80/262 15/482/263 21/481/264 22/87/265
f 15/187/263 14/60/266 20/62/267 21/189/264
f 22/87/265 21/481/264 24/461/268 25/86/269
f 21/189/264 20/62/267 23/65/270 24/190/268
s 31
f 29/70/271 30/191/272 36/480/273 35/72/274
f 30/463/272 31/92/275 37/95/276 36/192/273
s 32
f 28/91/277 27/193/278 33/479/279 34/88/280
f 27/460/278 26/66/281 32/71/282 33/194/279
s 31
f 35/72/274 36/480/273 42/428/283 41/610/284
f 36/192/273 37/95/276 43/517/285 42/525/283
s 32
f 34/88/280 33/479/279 39/478/286 40/96/287
f 33/194/279 32/71/282 38/73/288 39/196/286
f 40/96/287 39/478/286 45/424/289 46/514/290
f 39/196/286 38/73/288 44/611/291 45/612/289
s 33
f 47/76/292 48/198/293 51/422/294 50/77/295
f 48/426/293 49/102/296 52/103/297 51/199/294
s 34
f 55/107/298 54/200/299 57/443/300 58/104/301
f 54/441/299 53/202/302 56/203/303 57/201/300
s 35
f 59/204/304 60/205/305 63/439/306 62/207/307
f 60/445/305 61/108/308 64/111/309 63/206/306
s 36
f 71/48/310 72/208/311 237/582/312 236/594/313
f 72/580/311 73/179/314 238/79/315 237/209/312
s 2
f 74/15/15 75/593/12 234/584/316 233/81/317
f 75/12/12 76/11/11 235/178/318 234/600/316
s 37
f 80/52/319 81/211/320 87/592/321 86/53/322
f 81/578/320 82/90/323 88/89/324 87/212/321
s 38
f 83/93/325 84/213/326 90/591/327 89/94/328
f 84/573/326 85/54/329 91/57/330 90/214/327
s 37
f 86/53/322 87/592/321 93/590/331 92/56/332
f 87/212/321 88/89/324 94/97/333 93/215/331
s 38
f 89/94/328 90/591/327 96/543/334 95/516/335
f 90/214/327 91/57/330 97/605/336 96/523/334
s 37
f 92/56/332 93/590/331 99/536/337 98/604/338
f 93/215/331 94/97/333 100/515/339 99/522/337
s 39
f 107/105/340 108/218/341 111/557/342 110/106/343
f 108/559/341 109/220/344 112/221/345 111/219/342
s 40
f 113/109/346 114/222/347 117/555/348 116/110/349
f 114/561/347 115/224/350 118/225/351 117/223/348
s 26
f 119/150/352 120/499/353 180/469/354 179/151/355
f 120/477/353 121/182/356 181/183/357 180/227/354
s 42
f 121/182/358 120/477/359 123/475/360 124/146/361
f 120/226/359 119/495/362 122/127/363 123/228/360
s 27
f 125/27/364 126/476/365 183/467/366 182/181/367
f 126/24/365 127/494/368 184/152/369 183/229/366
s 44
f 124/146/370 123/475/371 132/458/372 133/147/373
f 123/228/371 122/127/374 131/128/375 132/230/372
s 5
f 128/26/376 129/473/377 135/30/30 136/29/29
f 129/25/377 130/28/378 134/33/33 135/474/30
s 45
f 140/134/379 141/231/380 147/472/381 146/135/382
f 141/455/380 142/154/383 148/153/384 147/232/381
f 146/135/382 147/472/381 153/471/385 152/139/386
f 147/232/381 148/153/384 154/161/387 153/233/385
s 46
f 145/157/388 144/234/389 150/470/390 151/158/391
f 144/454/389 143/136/392 149/140/393 150/235/390
s 45
f 152/139/386 153/471/385 159/416/394 158/606/395
f 153/233/385 154/161/387 160/511/396 159/521/394
s 46
f 151/158/391 150/470/390 156/420/397 157/512/398
f 150/235/390 149/140/393 155/607/399 156/608/397
s 47
f 163/167/400 162/238/401 165/414/402 166/168/403
f 162/418/401 161/144/404 164/143/405 165/239/402
s 48
f 167/240/406 168/241/407 171/433/408 170/243/409
f 168/437/407 169/170/410 172/169/411 171/242/408
s 49
f 175/173/412 174/244/413 177/435/414 178/174/415
f 174/431/413 173/246/416 176/247/417 177/245/414
s 26
f 65/78/241 66/468/240 180/227/354 181/183/357
f 66/184/240 67/85/243 179/151/355 180/469/354
s 27
f 68/84/247 69/466/246 183/229/366 184/152/369
f 69/186/246 70/82/249 182/181/367 183/467/366
s 50
f 185/148/418 186/248/419 243/583/420 242/145/421
f 186/576/419 187/114/422 244/113/423 243/599/420
s 6
f 188/39/39 189/589/36 240/585/424 239/596/425
f 189/36/36 190/35/35 241/149/426 240/250/424
s 51
f 194/155/427 195/251/428 201/588/429 200/156/430
f 195/574/428 196/119/431 202/122/432 201/252/429
s 52
f 197/121/433 198/253/434 204/587/435 203/123/436
f 198/571/434 199/160/437 205/159/438 204/254/435
s 51
f 200/156/430 201/588/429 207/586/439 206/162/440
f 201/252/429 202/122/432 208/124/441 207/255/439
s 52
f 203/123/436 204/587/435 210/531/442 209/602/443
f 204/254/435 205/159/438 211/513/444 210/519/442
s 51
f 206/162/440 207/586/439 213/528/445 212/510/446
f 207/255/439 208/124/441 214/603/447 213/518/445
s 53
f 221/258/448 222/259/449 225/549/450 224/261/451
f 222/551/449 223/172/452 226/171/453 225/260/450
s 54
f 227/262/454 228/263/455 231/547/456 230/265/457
f 228/553/455 229/176/458 232/175/459 231/264/456
s 55
f 233/81/460 234/584/461 240/250/462 241/149/463
f 234/210/461 235/595/464 239/112/465 240/598/462
s 56
f 236/177/466 237/601/467 243/249/468 244/597/469
f 237/209/467 238/79/470 242/145/471 243/583/468
s 57
f 246/69/472 294/68/473 295/452/474 248/267/475
f 248/453/475 295/509/474 296/508/476 249/269/477
s off
f 249/269/478 296/508/479 297/507/480 258/271/481
s 58
f 251/272/482 307/493/483 308/492/484 253/275/485
f 306/276/486 307/448/483 251/462/482 256/277/487
s off
f 253/275/488 308/492/489 309/491/490 264/279/491
s 59
f 258/271/492 297/507/493 298/506/494 260/281/495
f 260/569/495 298/280/494 299/282/496 261/55/497
s 60
f 264/279/498 309/491/499 310/490/500 266/284/501
f 266/565/501 310/283/500 311/51/502 268/50/503
s 61
f 269/285/504 301/505/505 302/504/506 271/288/507
f 300/130/508 301/450/505 269/459/504 275/129/509
s off
f 271/288/510 302/504/511 303/503/512 287/290/513
s 62
f 276/133/514 312/132/515 313/446/516 279/292/517
f 279/447/517 313/489/516 314/488/518 280/294/519
s off
f 280/294/520 314/488/521 315/487/522 293/296/523
s 63
f 304/297/524 305/116/525 282/115/526 284/298/527
f 303/503/528 304/502/524 284/577/527 287/290/529
s 64
f 316/299/530 317/300/531 288/117/532 290/301/533
f 315/487/534 316/486/530 290/575/533 293/296/535
s 29
f 19/63/259 18/464/258 247/302/536 245/64/537
f 18/188/258 17/180/261 250/303/538 247/465/536
s 36
f 73/179/314 72/580/311 259/304/539 257/305/540
f 72/208/311 71/48/310 262/47/541 259/581/539
s 37
f 82/90/323 81/578/320 265/306/542 263/307/543
f 81/211/320 80/52/319 267/49/544 265/579/542
s 50
f 187/114/422 186/576/419 284/298/545 282/115/546
f 186/248/419 185/148/418 287/290/547 284/577/545
s 51
f 196/119/431 195/574/428 290/301/548 288/117/549
f 195/251/428 194/155/427 293/296/550 290/575/548
s 12
f 17/180/225 73/179/224 257/305/551 250/303/552
s 16
f 28/91/104 82/90/103 263/307/553 254/308/554
s 13
f 253/275/555 264/279/556 79/16/98 25/86/97
s off
f 249/269/557 258/271/558 83/93/559 31/92/560
s 12
f 133/147/176 271/288/561 287/290/562 185/148/177
s 24
f 142/154/189 280/294/563 293/296/564 194/155/190
s 13
f 281/309/565 139/34/186 191/38/187 292/310/566
s off
f 272/311/567 145/157/568 199/160/569 286/312/570
s 31
f 246/69/571 248/267/572 30/191/272 29/70/271
f 248/453/572 249/269/573 31/92/275 30/463/272
s 30
f 25/86/269 24/461/268 251/272/574 253/275/575
f 24/190/268 23/65/270 256/277/576 251/462/574
s 32
f 254/308/577 252/313/578 27/193/278 28/91/277
f 252/449/578 255/67/579 26/66/281 27/460/278
s 38
f 258/271/580 260/281/581 84/213/326 83/93/325
f 260/569/581 261/55/582 85/54/329 84/573/326
s 2
f 77/14/14 78/572/13 266/565/583 268/50/584
f 78/13/13 79/16/16 264/279/585 266/284/583
s 44
f 133/147/373 132/458/372 269/285/586 271/288/587
f 132/230/372 131/128/375 275/129/588 269/459/586
s 5
f 137/32/32 138/456/31 278/314/589 277/131/590
f 138/31/31 139/34/34 281/309/591 278/457/589
s 45
f 276/133/592 279/292/593 141/231/380 140/134/379
f 279/447/593 280/294/594 142/154/383 141/455/380
s 46
f 272/311/595 270/315/596 144/234/389 145/157/388
f 270/451/596 274/137/597 143/136/392 144/454/389
s 52
f 283/120/598 285/316/599 198/253/434 197/121/433
f 285/567/599 286/312/600 199/160/437 198/571/434
s 6
f 191/38/38 192/570/37 291/563/601 292/310/602
f 192/37/37 193/40/40 289/118/603 291/317/601
s 65
f 295/452/604 294/68/605 245/64/606 247/302/607
f 296/268/608 295/266/604 247/465/607 250/303/609
s off
f 297/270/610 296/268/611 250/303/612 257/305/613
s 66
f 298/568/614 297/270/615 257/305/616 259/304/617
f 299/282/618 298/280/614 259/581/617 262/47/619
s 67
f 270/451/620 301/450/621 300/130/622 274/137/623
f 302/287/624 301/286/621 270/315/620 272/311/625
s off
f 303/289/626 302/287/627 272/311/628 286/312/629
s 68
f 285/567/630 304/566/631 303/289/632 286/312/633
f 283/120/634 305/116/635 304/297/631 285/316/630
s 10
f 294/68/636 256/277/637 23/65/72 245/64/71
s off
f 294/68/638 255/67/639 306/276/640 256/277/641
s 21
f 300/130/642 276/133/643 140/134/163 273/138/167 274/137/166
s 20
f 137/32/157 277/131/644 300/130/645 275/129/158
s 69
f 252/449/646 307/448/647 306/276/648 255/67/649
f 308/274/650 307/273/647 252/313/646 254/308/651
s off
f 309/278/652 308/274/653 254/308/654 263/307/655
s 70
f 310/564/656 309/278/657 263/307/658 265/306/659
f 311/51/660 310/283/656 265/579/659 267/49/661
s 71
f 313/446/662 312/132/663 277/131/664 278/314/665
f 314/293/666 313/291/662 278/457/665 281/309/667
s off
f 315/295/668 314/293/669 281/309/670 292/310/671
s 72
f 291/563/672 316/562/673 315/295/674 292/310/675
f 289/118/676 317/300/677 316/299/673 291/317/672
s 8
f 77/14/48 268/50/678 299/282/679 262/47/49
s 9
f 299/282/680 267/49/681 80/52/55 261/55/58
s 18
f 305/116/682 289/118/683 193/40/138 282/115/137
s 19
f 196/119/143 288/117/684 305/116/685 283/120/144
s 11
f 318/318/686 319/319/687 340/320/688 341/321/689
s 74
f 319/319/690 318/318/691 321/322/692 320/444/693
f 320/323/693 321/429/692 323/324/694 322/325/695
s 75
f 322/325/696 323/324/697 325/326/698 324/327/699
s 76
f 324/327/700 325/326/701 327/328/702 326/560/703
f 326/329/703 327/545/702 329/330/704 328/331/705
s 9
f 328/331/706 329/330/707 331/332/708 330/333/709
s 3
f 330/333/710 331/332/711 333/334/712 332/554/713
f 332/335/713 333/542/712 335/336/714 334/337/715
s 17
f 334/337/716 335/336/717 337/338/718 336/339/719
s 33
f 336/339/720 337/338/721 339/340/722 338/438/723
f 338/341/723 339/427/722 341/321/724 340/320/725
s 77
f 342/342/726 343/343/727 364/344/728 365/345/729
s 78
f 343/343/730 342/342/731 345/346/732 344/440/733
f 344/347/733 345/425/732 347/348/734 346/349/735
s 11
f 346/349/736 347/348/737 349/350/738 348/351/739
s 33
f 348/351/740 349/350/741 351/352/742 350/442/743
f 350/353/743 351/423/742 353/354/744 352/355/745
s 17
f 352/355/746 353/354/747 355/356/748 354/357/749
s 3
f 354/357/750 355/356/751 357/358/752 356/558/753
f 356/359/753 357/540/752 359/360/754 358/361/755
s 9
f 358/361/756 359/360/757 361/362/758 360/363/759
s 79
f 360/363/760 361/362/761 363/364/762 362/556/763
f 362/365/763 363/538/762 365/345/764 364/344/765
s 80
f 366/366/766 367/367/767 388/368/768 389/369/769
s 81
f 367/367/770 366/366/771 369/370/772 368/430/773
f 368/371/773 369/421/772 371/372/774 370/373/775
s 21
f 370/373/776 371/372/777 373/374/778 372/375/779
s 47
f 372/375/780 373/374/781 375/376/782 374/434/783
f 374/377/783 375/419/782 377/378/784 376/379/785
s 25
f 376/379/786 377/378/787 379/380/788 378/381/789
s 7
f 378/381/790 379/380/791 381/382/792 380/546/793
f 380/383/793 381/535/792 383/384/794 382/385/795
s 19
f 382/385/796 383/384/797 385/386/798 384/387/799
s 82
f 384/387/800 385/386/801 387/388/802 386/552/803
f 386/389/803 387/533/802 389/369/804 388/368/805
s 21
f 390/390/806 391/391/807 412/392/808 413/393/809
s 84
f 391/391/810 390/390/811 393/394/812 392/436/813
f 392/395/813 393/417/812 395/396/814 394/397/815
s 85
f 394/397/816 395/396/817 397/398/818 396/399/819
s 86
f 396/399/820 397/398/821 399/400/822 398/548/823
f 398/401/823 399/530/822 401/402/824 400/403/825
s 19
f 400/403/826 401/402/827 403/404/828 402/405/829
s 7
f 402/405/830 403/404/831 405/406/832 404/550/833
f 404/407/833 405/527/832 407/408/834 406/409/835
s 25
f 406/409/836 407/408/837 409/410/838 408/411/839
s 47
f 408/411/840 409/410/841 411/412/842 410/432/843
f 410/413/843 411/415/842 413/393/844 412/392/845
s 9
f 358/361/756 360/363/759 112/221/846 109/220/847
f 328/331/706 330/333/709 118/225/848 115/224/849
s 11
f 346/349/736 348/351/739 56/203/850 53/202/851
f 340/320/688 319/319/687 59/204/852 62/207/853
s 17
f 352/355/746 354/357/749 107/105/854 58/104/855
s 77
f 55/107/856 110/106/857 364/344/728 343/343/727
s 75
f 322/325/696 324/327/699 113/109/858 61/108/859
s 17
f 64/111/860 116/110/861 334/337/716 336/339/719
s 19
f 400/403/826 402/405/829 221/258/862 224/261/863
f 382/385/796 384/387/799 227/262/864 230/265/865
s 21
f 412/392/808 391/391/807 167/240/866 170/243/867
f 370/373/776 372/375/779 176/247/868 173/246/869
s 25
f 406/409/836 408/411/839 172/169/870 223/172/871
s 85
f 169/170/872 394/397/816 396/399/819 226/171/873
s 80
f 388/368/768 367/367/767 175/173/874 229/176/875
s 25
f 178/174/876 376/379/786 378/381/789 232/175/877
s 74
f 319/319/690 320/444/693 60/205/878 59/204/879
f 320/323/693 322/325/695 61/108/880 60/445/878
s 33
f 348/351/740 350/442/743 57/201/881 56/203/882
f 350/353/743 352/355/745 58/104/883 57/443/881
s 78
f 343/343/730 344/440/733 54/200/884 55/107/885
f 344/347/733 346/349/735 53/202/886 54/441/884
s 33
f 336/339/720 338/438/723 63/206/887 64/111/888
f 338/341/723 340/320/725 62/207/889 63/439/887
s 76
f 324/327/700 326/560/703 114/222/890 113/109/891
f 326/329/703 328/331/705 115/224/892 114/561/890
s 3
f 354/357/750 356/558/753 108/218/893 107/105/894
f 356/359/753 358/361/755 109/220/895 108/559/893
s 79
f 360/363/760 362/556/763 111/219/896 112/221/897
f 362/365/763 364/344/765 110/106/898 111/557/896
s 3
f 330/333/710 332/554/713 117/223/899 118/225/900
f 332/335/713 334/337/715 116/110/901 117/555/899
s 84
f 391/391/810 392/436/813 168/241/902 167/240/903
f 392/395/813 394/397/815 169/170/904 168/437/902
s 47
f 372/375/780 374/434/783 177/245/905 176/247/906
f 374/377/783 376/379/785 178/174/907 177/435/905
f 408/411/840 410/432/843 171/242/908 172/169/909
f 410/413/843 412/392/845 170/243/910 171/433/908
s 81
f 367/367/770 368/430/773 174/244/911 175/173/912
f 368/371/773 370/373/775 173/246/913 174/431/911
s 82
f 384/387/800 386/552/803 228/263/914 227/262/915
f 386/389/803 388/368/805 229/176/916 228/553/914
s 7
f 402/405/830 404/550/833 222/259/917 221/258/918
f 404/407/833 406/409/835 223/172/919 222/551/917
s 86
f 396/399/820 398/548/823 225/260/920 226/171/921
f 398/401/823 400/403/825 224/261/922 225/549/920
s 7
f 378/381/790 380/546/793 231/264/923 232/175/924
f 380/383/793 382/385/795 230/265/925 231/547/923
s 74
f 41/74/926 42/613/927 321/322/692 318/318/691
f 42/195/927 43/99/928 323/324/694 321/429/692
s 75
f 43/99/929 95/98/930 325/326/698 323/324/697
s 76
f 95/98/931 96/544/932 327/328/702 325/326/701
f 96/216/932 97/59/933 329/330/704 327/545/702
s 9
f 101/21/64 331/332/708 329/330/707 97/59/62
s 3
f 101/21/21 102/541/18 333/334/712 331/332/711
f 102/18/18 103/17/17 335/336/714 333/542/712
s 17
f 337/338/718 335/336/717 103/17/122 49/102/121
s 33
f 49/102/296 48/426/293 339/340/722 337/338/721
f 48/198/293 47/76/292 341/321/724 339/427/722
s 11
f 47/76/83 41/74/81 318/318/686 341/321/689
s 78
f 46/100/934 45/524/935 345/346/732 342/342/731
f 45/197/935 44/75/936 347/348/734 345/425/732
s 11
f 44/75/82 50/77/84 349/350/738 347/348/737
s 33
f 50/77/295 51/422/294 351/352/742 349/350/741
f 51/199/294 52/103/297 353/354/744 351/423/742
s 17
f 52/103/124 104/20/123 355/356/748 353/354/747
s 3
f 104/20/20 105/539/19 357/358/752 355/356/751
f 105/19/19 106/22/22 359/360/754 357/540/752
s 9
f 98/58/61 361/362/758 359/360/757 106/22/63
s 79
f 98/58/937 99/537/938 363/364/762 361/362/761
f 99/217/938 100/101/939 365/345/764 363/538/762
s 77
f 342/342/726 365/345/729 100/101/940 46/100/941
s 81
f 157/163/942 156/520/943 369/370/772 366/366/771
f 156/237/943 155/142/944 371/372/774 369/421/772
s 21
f 161/144/173 373/374/778 371/372/777 155/142/171
s 47
f 161/144/404 162/418/401 375/376/782 373/374/781
f 162/238/401 163/167/400 377/378/784 375/419/782
s 25
f 379/380/788 377/378/787 163/167/208 215/45/211
s 7
f 215/45/45 216/534/42 381/382/792 379/380/791
f 216/42/42 217/41/41 383/384/794 381/535/792
s 19
f 217/41/151 209/125/149 385/386/798 383/384/797
s 82
f 209/125/945 210/532/946 387/388/802 385/386/801
f 210/256/946 211/164/947 389/369/804 387/533/802
s 80
f 157/163/948 366/366/766 389/369/769 211/164/949
s 84
f 158/141/950 159/609/951 393/394/812 390/390/811
f 159/236/951 160/165/952 395/396/814 393/417/812
s 85
f 397/398/818 395/396/817 160/165/953 212/166/954
s 86
f 212/166/955 213/529/956 399/400/822 397/398/821
f 213/257/956 214/126/957 401/402/824 399/530/822
s 19
f 214/126/150 218/44/152 403/404/828 401/402/827
s 7
f 218/44/44 219/526/43 405/406/832 403/404/831
f 219/43/43 220/46/46 407/408/834 405/527/832
s 25
f 166/168/209 409/410/838 407/408/837 220/46/210
s 47
f 166/168/403 165/414/402 411/412/842 409/410/841
f 165/239/402 164/143/405 413/393/844 411/415/842
s 21
f 158/141/170 390/390/806 413/393/809 164/143/172
g default
v 2.611891 7.447704 -4.929924
v 2.611891 7.479626 -5.002034
v 2.611891 7.527328 -5.064831
v 3.726884 7.527328 -5.064831
v 3.726884 7.479626 -5.002034
v 3.726884 7.447704 -4.929924
v 2.611891 7.611629 -4.992686
v 2.611891 7.575180 -4.945635
v 3.726884 7.575180 -4.945635
v 3.726884 7.611629 -4.992686
v 2.611891 7.551606 -4.890990
v 3.726884 7.551606 -4.890990
v 7.427484 5.640477 0.906287
v 7.437986 5.647318 0.919266
v 7.448489 5.654159 0.932244
v 7.427482 7.447704 -4.929924
v 7.437985 7.457443 -4.926274
v 7.448488 7.467182 -4.922625
v 3.726886 5.640477 0.906287
v 3.726886 5.647318 0.919266
v 3.726886 5.654159 0.932244
v 2.611892 5.778407 0.460856
v 2.611892 5.785248 0.473834
v 2.611892 5.792089 0.486812
v 2.611891 9.046855 -6.644243
v 2.611891 9.061523 -6.644526
v 2.611891 9.076191 -6.644810
v 7.427482 8.573472 -6.152203
v 7.437985 8.588140 -6.152487
v 7.448488 8.602808 -6.152770
v 3.726884 8.573472 -6.152203
v 3.726884 8.588140 -6.152487
v 3.726884 8.602808 -6.152770
v 7.427482 7.527328 -5.064831
v 7.437985 7.535223 -5.058074
v 7.448488 7.543118 -5.051318
v 7.427482 7.479626 -5.002034
v 7.437985 7.488621 -4.996725
v 7.448488 7.497615 -4.991416
v 2.611892 5.858442 0.507359
v 2.611892 5.871420 0.500518
v 2.611892 5.884398 0.493676
v 3.726886 5.746467 0.939108
v 3.726886 5.733489 0.945949
v 3.726886 5.720510 0.952790
v 3.726884 8.652864 -6.104612
v 3.726884 8.653147 -6.089944
v 3.726884 8.653429 -6.075276
v 2.611891 9.126812 -6.567316
v 2.611891 9.126530 -6.581985
v 2.611891 9.126246 -6.596653
v 7.427491 5.746466 0.939108
v 7.437990 5.733489 0.945949
v 7.448489 5.720511 0.952790
v 7.427489 7.551431 -4.891056
v 7.437989 7.541672 -4.894608
v 7.448487 7.531913 -4.898160
v 7.448488 7.595833 -5.006465
v 7.437988 7.603660 -4.999637
v 7.427489 7.611486 -4.992808
v 7.427489 8.653426 -6.075277
v 7.437989 8.653145 -6.089945
v 7.448488 8.652863 -6.104613
v 7.448488 7.556503 -4.956660
v 7.437988 7.565520 -4.951338
v 7.427489 7.574537 -4.946016
v 0.000000 7.447704 -4.929924
v 0.000000 7.479626 -5.002034
v 0.000000 7.527328 -5.064831
v 0.000000 9.046855 -6.644243
v 0.000000 9.061523 -6.644526
v 0.000000 9.076191 -6.644810
v 0.000000 9.126246 -6.596653
v 0.000000 9.126530 -6.581985
v 0.000000 9.126812 -6.567316
v 0.000000 7.611629 -4.992686
v 0.000000 7.575180 -4.945635
v 0.000000 7.551606 -4.890990
v 0.000000 5.884398 0.493676
v 0.000000 5.871420 0.500518
v 0.000000 5.858442 0.507359
v 0.000000 5.792089 0.486812
v 0.000000 5.785248 0.473834
v 0.000000 5.778407 0.460856
v -2.611891 7.447704 -4.929924
v -2.611891 7.479626 -5.002034
v -2.611891 7.527328 -5.064831
v -3.726884 7.527328 -5.064831
v -3.726884 7.479626 -5.002034
v -3.726884 7.447704 -4.929924
v -2.611891 7.611629 -4.992686
v -2.611891 7.575180 -4.945635
v -3.726884 7.575180 -4.945635
v -3.726884 7.611629 -4.992686
v -2.611891 7.551606 -4.890990
v -3.726884 7.551606 -4.890990
v -7.427484 5.640477 0.906287
v -7.437986 5.647318 0.919266
v -7.448489 5.654159 0.932244
v -7.427482 7.447704 -4.929924
v -7.437985 7.457443 -4.926274
v -7.448488 7.467182 -4.922625
v -3.726886 5.640477 0.906287
v -3.726886 5.647318 0.919266
v -3.726886 5.654159 0.932244
v -2.611892 5.778407 0.460856
v -2.611892 5.785248 0.473834
v -2.611892 5.792089 0.486812
v -2.611891 9.046855 -6.644243
v -2.611891 9.061523 -6.644526
v -2.611891 9.076191 -6.644810
v -7.427482 8.573472 -6.152203
v -7.437985 8.588140 -6.152487
v -7.448488 8.602808 -6.152770
v -3.726884 8.573472 -6.152203
v -3.726884 8.588140 -6.152487
v -3.726884 8.602808 -6.152770
v -7.427482 7.527328 -5.064831
v -7.437985 7.535223 -5.058074
v -7.448488 7.543118 -5.051318
v -7.427482 7.479626 -5.002034
v -7.437985 7.488621 -4.996725
v -7.448488 7.497615 -4.991416
v -2.611892 5.858442 0.507359
v -2.611892 5.871420 0.500518
v -2.611892 5.884398 0.493676
v -3.726886 5.746467 0.939108
v -3.726886 5.733489 0.945949
v -3.726886 5.720510 0.952790
v -3.726884 8.652864 -6.104612
v -3.726884 8.653147 -6.089944
v -3.726884 8.653429 -6.075276
v -2.611891 9.126812 -6.567316
v -2.611891 9.126530 -6.581985
v -2.611891 9.126246 -6.596653
v -7.427491 5.746466 0.939108
v -7.437990 5.733489 0.945949
v -7.448489 5.720511 0.952790
v -7.427489 7.551431 -4.891056
v -7.437989 7.541672 -4.894608
v -7.448487 7.531913 -4.898160
v -7.448488 7.595833 -5.006465
v -7.437988 7.603660 -4.999637
v -7.427489 7.611486 -4.992808
v -7.427489 8.653426 -6.075277
v -7.437989 8.653145 -6.089945
v -7.448488 8.652863 -6.104613
v -7.448488 7.556503 -4.956660
v -7.437988 7.565520 -4.951338
v -7.427489 7.574537 -4.946016
vt 0.573239 0.197686
vt 0.570912 0.197689
vt 0.571352 0.154163
vt 0.573678 0.154187
vt 0.568585 0.197691
vt 0.569028 0.154141
vt 0.570555 0.300365
vt 0.568230 0.300365
vt 0.572881 0.300364
vt 0.252562 0.404111
vt 0.253020 0.447506
vt 0.249919 0.447506
vt 0.249473 0.404095
vt 0.246816 0.447505
vt 0.246383 0.404080
vt 0.246027 0.301824
vt 0.249133 0.301824
vt 0.252238 0.301824
vt 0.346528 0.197403
vt 0.345950 0.197420
vt 0.999971 0.140200
vt 0.329715 0.153301
vt 0.999442 0.185273
vt 0.999426 0.140142
vt 0.633289 0.154557
vt 0.633868 0.154525
vt 0.991434 0.188700
vt 0.658441 0.198907
vt 0.991982 0.140254
vt 0.991971 0.188790
vt 0.575294 0.008452
vt 0.575345 0.007875
vt 0.991460 0.000410
vt 0.633956 0.011679
vt 0.023340 0.880211
vt 0.005485 0.934724
vt 0.347034 0.300376
vt 0.658886 0.300360
vt 0.330623 0.007759
vt 0.570538 0.008431
vt 0.572917 0.008394
vt 0.023197 0.405226
vt 0.006456 0.449498
vt 0.338314 0.403753
vt 0.312897 0.448007
vt 0.023739 0.301852
vt 0.338357 0.301813
vt 0.247302 0.592396
vt 0.009729 0.595941
vt 0.312298 0.591398
vt 0.253495 0.592477
vt 0.250398 0.592417
vt 0.996823 0.185273
vt 0.996811 0.140144
vt 0.994604 0.140256
vt 0.994587 0.188789
vt 0.999447 0.283629
vt 0.996832 0.283629
vt 0.994589 0.287193
vt 0.991968 0.287192
vt 0.008243 0.645488
vt 0.999357 0.000017
vt 0.026510 0.875373
vt 0.023908 0.875436
vt 0.025855 0.880886
vt 0.994631 0.000017
vt 0.026465 0.878162
vt 0.023899 0.877856
vt 0.009223 0.596497
vt 0.996265 0.140202
vt 0.247286 0.592976
vt 0.996279 0.185338
vt 0.996280 0.283629
vt 0.338892 0.403787
vt 0.995144 0.140171
vt 0.338933 0.301813
vt 0.312847 0.591904
vt 0.026390 0.881033
vt 0.027017 0.878228
vt 0.005114 0.646121
vt 0.346458 0.300376
vt 0.991414 0.287192
vt 0.023353 0.875457
vt 0.572926 0.007807
vt 0.573249 0.403043
vt 0.573692 0.446542
vt 0.571367 0.446566
vt 0.570922 0.403040
vt 0.569042 0.446589
vt 0.568595 0.403038
vt 0.252536 0.199536
vt 0.249447 0.199553
vt 0.249882 0.156142
vt 0.252984 0.156141
vt 0.246357 0.199569
vt 0.246780 0.156143
vt 0.346538 0.403348
vt 0.329729 0.447452
vt 0.329151 0.447457
vt 0.999987 0.381922
vt 0.999426 0.427117
vt 0.999442 0.381986
vt 0.633303 0.446166
vt 0.658451 0.401813
vt 0.659030 0.401844
vt 0.991410 0.434215
vt 0.991949 0.385594
vt 0.991950 0.434131
vt 0.575323 0.592276
vt 0.633984 0.589044
vt 0.634544 0.589529
vt 0.130999 0.903150
vt 0.991951 0.574367
vt 0.130464 0.903301
vt 0.570566 0.592298
vt 0.330651 0.592993
vt 0.572946 0.592335
vt 0.023171 0.198479
vt 0.006419 0.154211
vt 0.312860 0.155625
vt 0.338288 0.199872
vt 0.009655 0.007767
vt 0.247229 0.011253
vt 0.253422 0.011170
vt 0.312225 0.012234
vt 0.250325 0.011230
vt 0.996823 0.381986
vt 0.996811 0.427115
vt 0.994572 0.434129
vt 0.994566 0.385596
vt 0.999358 0.567241
vt 0.145588 0.668579
vt 0.129896 0.898526
vt 0.127294 0.898462
vt 0.127949 0.903975
vt 0.994569 0.574368
vt 0.127339 0.901252
vt 0.129905 0.900946
vt 0.005840 0.154198
vt 0.145003 0.668926
vt 0.126738 0.898444
vt 0.022592 0.198493
vt 0.313438 0.155582
vt 0.995102 0.385686
vt 0.253454 0.010589
vt 0.995122 0.573975
vt 0.250324 0.010648
vt 0.330134 0.593541
vt 0.570553 0.592877
vt 0.130460 0.900880
vt 0.130451 0.898547
vt 0.572955 0.592922
vt 0.633882 0.446198
vt 0.148718 0.957273
vt 0.575374 0.592854
vt 0.999911 0.566844
vt 0.991413 0.385685
vt 0.659463 0.300360
vt 0.345960 0.403331
vt 1.000000 0.283630
vt 0.999972 0.427059
vt 0.247213 0.010672
vt 0.126786 0.901318
vt 0.127413 0.904123
vt 0.312774 0.011727
vt 0.995112 0.434214
vt 0.338867 0.199838
vt 0.995142 0.287193
vt 0.996279 0.381921
vt 0.023163 0.301852
vt 0.996265 0.427057
vt 0.009149 0.007211
vt 0.570524 0.007852
vt 0.023344 0.877790
vt 0.991442 0.140169
vt 0.634516 0.011193
vt 0.022805 0.880060
vt 0.330105 0.007211
vt 0.659020 0.198876
vt 0.999987 0.185337
vt 0.329137 0.153295
vt 0.027066 0.875355
vt 0.250398 0.593000
vt 0.253527 0.593057
vt 0.008620 0.935332
vt 0.313475 0.448049
vt 0.995124 0.188699
vt 0.022618 0.405211
vt 0.005877 0.449511
vt 0.996187 0.000416
vt 0.148194 0.668781
vt 0.148716 0.669213
vt 0.996740 0.567240
vt 0.996188 0.566843
vt 0.996740 0.000018
vt 0.005637 0.645689
vt 0.999910 0.000415
vt 0.008828 0.645834
vt 0.145826 0.958623
vt 0.145177 0.958424
vt 0.148312 0.957816
vt 0.991398 0.573974
vt 0.007971 0.935531
vt 0.992013 0.000018
vt 0.005079 0.934181
vt 0.995184 0.000410
vn -0.000008 0.722630 0.691235
vn 0.000000 0.861186 0.508290
vn 0.000097 0.861188 0.508286
vn 0.000014 0.723121 0.690721
vn 0.000002 0.954933 0.296822
vn 0.000022 0.954964 0.296721
vn 0.000000 0.861186 0.508290
vn 0.000000 0.954929 0.296835
vn 0.000000 0.722540 0.691329
vn 0.000000 -0.723560 -0.690261
vn 0.000000 -0.724438 -0.689340
vn 0.000000 -0.861189 -0.508285
vn 0.000000 -0.861188 -0.508286
vn 0.000000 -0.954807 -0.297227
vn 0.000000 -0.954781 -0.297312
vn 0.000000 -0.954775 -0.297330
vn 0.000000 -0.861189 -0.508286
vn 0.000000 -0.723429 -0.690399
vn -0.076729 0.464939 0.882012
vn -0.088126 0.464506 0.881175
vn -0.068161 0.465232 0.882561
vn -0.077052 0.464933 0.881986
vn -0.098354 0.464067 0.880323
vn -0.058518 0.465511 0.883105
vn 0.080251 0.996592 -0.019109
vn 0.099537 0.994850 -0.019144
vn 0.128465 0.991530 -0.019107
vn 0.148264 0.988765 -0.019010
vn 0.116659 0.992987 -0.019175
vn 0.105395 0.994245 -0.019202
vn 0.702946 0.514279 0.491308
vn 0.702940 0.514323 0.491271
vn 0.702874 0.512495 0.493271
vn 0.702882 0.512465 0.493291
vn 0.702935 0.514364 0.491235
vn 0.702870 0.512509 0.493263
vn 0.000002 0.955260 0.295769
vn 0.000022 0.955263 0.295759
vn 0.000007 0.720528 0.693426
vn -0.000006 0.720576 0.693376
vn 0.000000 0.955260 0.295769
vn 0.000000 0.720578 0.693374
vn 0.000025 0.955263 0.295757
vn 0.000026 0.954971 0.296700
vn 0.000029 0.723210 0.690629
vn 0.000026 0.720508 0.693446
vn 0.000126 0.861189 0.508285
vn 0.000000 -0.955250 -0.295801
vn 0.000000 -0.955250 -0.295801
vn 0.000000 -0.720637 -0.693313
vn 0.000000 -0.720637 -0.693313
vn 0.000000 -0.955250 -0.295801
vn 0.000000 -0.720637 -0.693313
vn 0.000000 -0.954811 -0.297215
vn 0.000000 -0.955250 -0.295801
vn 0.000000 -0.720637 -0.693313
vn 0.000000 -0.724626 -0.689142
vn 0.000000 -0.861189 -0.508285
vn -0.124149 -0.293511 0.947860
vn -0.095966 -0.294436 0.950841
vn -0.095966 -0.294436 0.950841
vn -0.124149 -0.293511 0.947860
vn 0.522227 0.591259 -0.614566
vn 0.522227 0.591259 -0.614566
vn 0.522227 0.591259 -0.614566
vn 0.522227 0.591259 -0.614566
vn 0.000000 -0.295800 0.955250
vn 0.000000 -0.295800 0.955250
vn 0.000000 0.693311 -0.720639
vn 0.000000 0.693311 -0.720639
vn 0.000000 0.693311 -0.720639
vn 0.000000 0.693311 -0.720639
vn 0.000000 -0.295801 0.955250
vn 0.000000 -0.295801 0.955249
vn 1.000000 -0.000012 0.000001
vn 1.000000 -0.000012 0.000001
vn 1.000000 -0.000012 0.000001
vn 1.000000 -0.000012 0.000001
vn 1.000000 -0.000004 0.000000
vn 1.000000 -0.000004 0.000000
vn 1.000000 -0.000004 0.000000
vn 1.000000 -0.000004 0.000000
vn 0.000000 0.693317 -0.720633
vn 0.000000 0.693317 -0.720633
vn 0.000000 0.693317 -0.720633
vn 0.000000 0.693317 -0.720633
vn 1.000000 -0.000003 0.000002
vn 1.000000 -0.000003 0.000002
vn 0.000000 -0.884608 0.466335
vn 0.000000 -0.884635 0.466284
vn -0.068161 -0.882572 0.465210
vn -0.077051 -0.881988 0.464931
vn 0.000000 -0.884647 0.466262
vn -0.058521 -0.883128 0.465468
vn 0.702894 -0.679459 -0.210416
vn 0.702892 -0.679463 -0.210414
vn 0.702919 -0.679133 -0.211384
vn 0.702923 -0.679132 -0.211375
vn 0.702886 -0.679470 -0.210409
vn 0.702916 -0.679133 -0.211393
vn -0.088127 -0.881189 0.464478
vn -0.076731 -0.882031 0.464901
vn -0.098352 -0.880333 0.464048
vn 0.000000 -0.884627 0.466299
vn 0.000000 -0.884637 0.466280
vn 0.000000 -0.884617 0.466319
vn 0.148269 -0.019128 -0.988762
vn 0.128470 -0.019162 -0.991528
vn 0.099541 -0.019229 -0.994848
vn 0.080254 -0.019278 -0.996588
vn 0.105399 -0.019199 -0.994245
vn 0.116666 -0.019175 -0.992986
vn 0.000000 -0.019322 -0.999813
vn 0.000000 -0.019307 -0.999814
vn 0.000000 -0.019338 -0.999813
vn 0.702706 -0.512739 -0.493257
vn 0.702722 -0.512692 -0.493284
vn 0.702828 -0.515388 -0.490314
vn 0.702819 -0.515456 -0.490255
vn 0.702729 -0.512671 -0.493295
vn 0.702837 -0.515316 -0.490377
vn 0.000000 -0.019307 -0.999814
vn 0.000000 -0.019316 -0.999813
vn 0.000000 -0.019338 -0.999813
vn 0.705211 -0.610603 -0.360336
vn 0.705216 -0.610588 -0.360350
vn 0.705204 -0.610624 -0.360313
vn -0.000000 0.466312 0.884620
vn -0.000000 0.466326 0.884613
vn -0.000000 0.466307 0.884623
vn 0.000000 0.466323 0.884615
vn 0.000000 0.466329 0.884611
vn 0.000000 0.466317 0.884618
vn 0.000000 0.999814 -0.019265
vn 0.000000 0.999815 -0.019217
vn 0.000000 0.999814 -0.019313
vn 0.702847 0.679518 0.210382
vn 0.702841 0.679526 0.210378
vn 0.702860 0.679303 0.211035
vn 0.702864 0.679300 0.211028
vn 0.702838 0.679530 0.210376
vn 0.702856 0.679305 0.211041
vn 0.706128 0.609797 0.359903
vn 0.706120 0.609810 0.359898
vn 0.706138 0.609783 0.359908
vn 0.000000 0.999814 -0.019263
vn 0.000000 0.999814 -0.019310
vn 0.000001 0.999817 -0.019155
vn 0.000008 0.722630 0.691235
vn -0.000013 0.723121 0.690721
vn -0.000097 0.861188 0.508286
vn 0.000000 0.861186 0.508290
vn -0.000022 0.954964 0.296721
vn -0.000002 0.954933 0.296822
vn -0.000000 -0.723560 -0.690261
vn 0.000000 -0.861188 -0.508286
vn 0.000000 -0.861189 -0.508285
vn -0.000000 -0.724438 -0.689340
vn -0.000000 -0.954781 -0.297312
vn -0.000000 -0.954807 -0.297227
vn 0.076729 0.464938 0.882012
vn 0.077052 0.464933 0.881987
vn 0.068160 0.465232 0.882561
vn 0.088126 0.464505 0.881175
vn 0.058518 0.465512 0.883105
vn 0.098354 0.464067 0.880323
vn -0.080251 0.996592 -0.019109
vn -0.148265 0.988765 -0.019014
vn -0.128467 0.991530 -0.019110
vn -0.099538 0.994850 -0.019144
vn -0.105397 0.994245 -0.019202
vn -0.116661 0.992987 -0.019175
vn -0.702940 0.514292 0.491304
vn -0.702876 0.512478 0.493286
vn -0.702876 0.512491 0.493273
vn -0.702940 0.514323 0.491271
vn -0.702876 0.512496 0.493268
vn -0.702940 0.514353 0.491240
vn -0.000002 0.955259 0.295769
vn -0.000022 0.955263 0.295759
vn 0.000006 0.720576 0.693376
vn -0.000007 0.720528 0.693426
vn -0.000026 0.954971 0.296700
vn -0.000025 0.955263 0.295757
vn -0.000026 0.720508 0.693446
vn -0.000029 0.723210 0.690629
vn -0.000126 0.861189 0.508285
vn -0.000000 -0.955250 -0.295801
vn -0.000000 -0.955250 -0.295801
vn -0.000000 -0.720637 -0.693313
vn -0.000000 -0.720637 -0.693313
vn 0.000000 -0.955250 -0.295801
vn 0.000000 -0.954811 -0.297215
vn 0.000000 -0.724626 -0.689142
vn 0.000000 -0.720637 -0.693313
vn 0.000000 -0.861189 -0.508285
vn 0.124149 -0.293511 0.947860
vn 0.124149 -0.293511 0.947860
vn 0.095966 -0.294436 0.950841
vn 0.095966 -0.294436 0.950841
vn -0.522226 0.591259 -0.614567
vn -0.522226 0.591259 -0.614567
vn -0.522226 0.591259 -0.614567
vn -0.522226 0.591259 -0.614567
vn 0.000000 0.693311 -0.720639
vn 0.000000 0.693311 -0.720639
vn 0.000000 -0.295801 0.955249
vn 0.000000 -0.295801 0.955250
vn -1.000000 -0.000009 0.000001
vn -1.000000 -0.000009 0.000001
vn -1.000000 -0.000009 0.000001
vn -1.000000 -0.000009 0.000001
vn -1.000000 -0.000000 0.000000
vn -1.000000 -0.000000 0.000000
vn -1.000000 0.000000 0.000000
vn -1.000000 0.000000 0.000000
vn -0.000000 0.693317 -0.720633
vn -0.000000 0.693317 -0.720633
vn -0.000000 0.693317 -0.720633
vn -0.000000 0.693317 -0.720633
vn -1.000000 -0.000003 0.000002
vn -1.000000 -0.000003 0.000002
vn 0.000000 -0.884610 0.466332
vn 0.077051 -0.881989 0.464928
vn 0.068161 -0.882572 0.465210
vn 0.000000 -0.884634 0.466287
vn 0.058521 -0.883126 0.465473
vn 0.000000 -0.884644 0.466267
vn -0.702900 -0.679453 -0.210417
vn -0.702928 -0.679126 -0.211377
vn -0.702918 -0.679135 -0.211384
vn -0.702893 -0.679461 -0.210414
vn -0.702907 -0.679143 -0.211391
vn -0.702877 -0.679480 -0.210406
vn 0.076731 -0.882031 0.464901
vn 0.088127 -0.881189 0.464478
vn 0.098352 -0.880333 0.464048
vn -0.148268 -0.019127 -0.988762
vn -0.080253 -0.019277 -0.996588
vn -0.099540 -0.019229 -0.994848
vn -0.128469 -0.019162 -0.991528
vn -0.116665 -0.019175 -0.992986
vn -0.105398 -0.019199 -0.994245
vn -0.702715 -0.512728 -0.493257
vn -0.702827 -0.515446 -0.490255
vn -0.702829 -0.515388 -0.490313
vn -0.702719 -0.512697 -0.493282
vn -0.702831 -0.515328 -0.490374
vn -0.702722 -0.512684 -0.493293
vn 0.000000 -0.019307 -0.999814
vn 0.000000 -0.019316 -0.999813
vn 0.000000 -0.019338 -0.999813
vn -0.705215 -0.610590 -0.360351
vn -0.705214 -0.610599 -0.360337
vn -0.705212 -0.610614 -0.360315
vn -0.000000 0.466326 0.884613
vn 0.000000 0.466312 0.884620
vn 0.000000 0.466306 0.884623
vn -0.702851 0.679514 0.210384
vn -0.702868 0.679296 0.211030
vn -0.702859 0.679304 0.211035
vn -0.702839 0.679528 0.210377
vn -0.702851 0.679311 0.211039
vn -0.702833 0.679535 0.210374
vn -0.706119 0.609811 0.359899
vn -0.706123 0.609802 0.359905
vn -0.706129 0.609792 0.359911
vn -0.000000 0.999814 -0.019310
vn -0.000000 0.999814 -0.019263
vn -0.000001 0.999817 -0.019155
s 1
g Scifi_Table pPlane4
usemtl set1
f 420/614/958 421/615/959 422/616/960 423/617/961
f 421/615/959 424/618/962 425/619/963 422/616/960
f 424/618/962 421/615/959 490/620/964 491/621/965
f 421/615/959 420/614/958 489/622/966 490/620/964
s 2
f 416/623/967 417/624/968 418/625/969 415/626/970
f 415/626/970 418/625/969 419/627/971 414/628/972
f 414/628/972 480/629/973 481/630/974 415/626/970
f 415/626/970 481/630/974 482/631/975 416/623/967
s 3
f 455/632/976 454/633/977 457/794/978 456/635/979
f 454/793/977 453/636/980 458/637/981 457/634/978
s 4
f 461/638/982 460/639/983 463/792/984 462/641/985
f 460/788/983 459/642/986 464/643/987 463/640/984
s 5
f 473/644/988 472/645/989 475/789/990 474/647/991
f 472/790/989 471/648/992 476/649/993 475/818/990
s 1
f 455/632/994 456/635/995 425/619/963 424/618/962
f 420/614/958 423/617/961 461/638/996 462/641/997
f 491/621/965 492/650/998 455/632/994 424/618/962
f 488/651/999 489/622/966 420/614/958 462/641/997
f 425/619/963 456/635/995 465/652/1000 468/653/1001
f 461/638/996 423/617/961 473/644/1002 474/647/1003
f 423/617/961 422/616/960 479/654/1004 473/644/1002
f 422/616/960 425/619/963 468/653/1001 479/654/1004
s 2
f 435/655/1005 414/628/972 419/627/971 432/656/1006
f 416/623/967 438/657/1007 444/658/1008 417/624/968
f 497/659/1009 480/629/973 414/628/972 435/655/1005
f 482/631/975 483/660/1010 438/657/1007 416/623/967
f 419/627/971 429/661/1011 426/662/1012 432/656/1006
f 444/658/1008 441/663/1013 447/664/1014 417/624/968
f 417/624/968 447/664/1014 450/665/1015 418/625/969
f 418/625/969 450/665/1015 429/661/1011 419/627/971
s 6
f 437/666/1016 434/667/1017 458/637/1018 453/636/1019
s off
f 446/668/1020 440/669/1021 464/643/1022 459/642/1023
s 6
f 494/670/1024 495/671/1025 437/666/1016 453/636/1019
s 7
f 440/669/1026 485/672/1027 486/673/1028 464/643/1029
s 6
f 434/667/1017 428/808/1030 467/675/1031 458/637/1018
s 8
f 428/674/1032 431/676/1033 470/677/1034 467/809/1035
f 449/678/1036 443/816/1037 476/649/1038 471/648/1039
s off
f 443/679/1040 446/668/1041 459/642/1042 476/817/1043
s 8
f 452/680/1044 449/678/1036 471/648/1039 477/681/1045
f 431/676/1033 452/680/1044 477/681/1045 470/677/1034
s 10
f 426/662/1046 427/682/1047 433/802/1048 432/656/1049
f 427/803/1047 428/808/1050 434/667/1051 433/683/1048
s 11
f 428/674/1052 427/811/1053 430/795/1054 431/676/1055
f 427/682/1053 426/662/1056 429/661/1057 430/684/1054
s 10
f 432/656/1049 433/802/1048 436/801/1058 435/655/1059
f 433/683/1048 434/667/1051 437/666/1060 436/685/1058
f 435/655/1059 436/801/1058 496/783/1061 497/659/1062
f 436/685/1058 437/666/1060 495/671/1063 496/686/1061
s 12
f 438/657/1064 439/687/1065 445/799/1066 444/658/1067
f 439/800/1065 440/669/1068 446/668/1069 445/688/1066
f 440/669/1068 439/800/1065 484/781/1070 485/672/1071
f 439/687/1065 438/657/1064 483/660/1072 484/689/1070
s 11
f 441/663/1073 442/690/1074 448/797/1075 447/664/1076
f 442/798/1074 443/816/1077 449/678/1078 448/691/1075
s 12
f 443/679/1079 442/819/1080 445/688/1066 446/668/1069
f 442/690/1080 441/663/1081 444/658/1067 445/799/1066
s 11
f 447/664/1076 448/797/1075 451/796/1082 450/665/1083
f 448/691/1075 449/678/1078 452/680/1084 451/692/1082
f 431/676/1055 430/795/1054 451/692/1082 452/680/1084
f 430/684/1054 429/661/1057 450/665/1083 451/796/1082
s 3
f 456/635/979 457/794/978 466/791/1085 465/652/1086
f 457/634/978 458/637/981 467/675/1087 466/810/1085
f 453/636/980 454/793/977 493/773/1088 494/670/1089
f 454/633/977 455/632/976 492/650/1090 493/694/1088
s 4
f 462/641/985 463/792/984 487/771/1091 488/651/1092
f 463/640/984 464/643/987 486/673/1093 487/695/1091
s 5
f 465/652/1094 466/791/1095 469/786/1096 468/653/1097
f 466/693/1095 467/809/1098 470/677/1099 469/696/1096
f 471/648/992 472/790/989 478/787/1100 477/681/1101
f 472/645/989 473/644/988 479/654/1102 478/697/1100
s 4
f 459/642/986 460/788/983 475/646/1103 476/817/1104
f 460/639/983 461/638/982 474/647/1105 475/789/1103
s 5
f 468/653/1097 469/786/1096 478/697/1100 479/654/1102
f 469/696/1096 470/677/1099 477/681/1101 478/787/1100
s 1
f 504/698/1106 507/699/1107 506/700/1108 505/701/1109
f 505/701/1109 506/700/1108 509/702/1110 508/703/1111
f 508/703/1111 491/621/965 490/620/964 505/701/1109
f 505/701/1109 490/620/964 489/622/966 504/698/1106
s 2
f 500/704/1112 499/705/1113 502/706/1114 501/707/1115
f 499/705/1113 498/708/1116 503/709/1117 502/706/1114
f 498/708/1116 499/705/1113 481/630/974 480/629/973
f 499/705/1113 500/704/1112 482/631/975 481/630/974
s 3
f 539/710/1118 540/711/1119 541/712/1120 538/772/1121
f 538/713/1121 541/774/1120 542/714/1122 537/715/1123
s 4
f 545/716/1124 546/717/1125 547/718/1126 544/766/1127
f 544/719/1127 547/770/1126 548/720/1128 543/721/1129
s 17
f 557/722/1130 558/723/1131 559/724/1132 556/768/1133
f 556/725/1133 559/767/1132 560/814/1134 555/727/1135
s 1
f 539/710/1136 508/703/1111 509/702/1110 540/711/1137
f 504/698/1106 546/717/1138 545/716/1139 507/699/1107
f 491/621/965 508/703/1111 539/710/1136 492/650/998
f 488/651/999 546/717/1138 504/698/1106 489/622/966
f 509/702/1110 552/728/1140 549/729/1141 540/711/1137
f 545/716/1139 558/723/1142 557/722/1143 507/699/1107
f 507/699/1107 557/722/1143 563/730/1144 506/700/1108
f 506/700/1108 563/730/1144 552/728/1140 509/702/1110
s 2
f 519/731/1145 516/732/1146 503/709/1117 498/708/1116
f 500/704/1112 501/707/1115 528/733/1147 522/734/1148
f 497/659/1009 519/731/1145 498/708/1116 480/629/973
f 482/631/975 500/704/1112 522/734/1148 483/660/1010
f 503/709/1117 516/732/1146 510/735/1149 513/736/1150
f 528/733/1147 501/707/1115 531/737/1151 525/738/1152
f 501/707/1115 502/706/1114 534/739/1153 531/737/1151
f 502/706/1114 503/709/1117 513/736/1150 534/739/1153
s 6
f 521/740/1154 537/715/1155 542/714/1156 518/741/1157
s off
f 530/742/1158 543/721/1159 548/720/1160 524/743/1161
s 6
f 494/670/1024 537/715/1155 521/740/1154 495/671/1025
s 7
f 524/743/1162 548/720/1163 486/673/1028 485/672/1027
s 6
f 518/741/1157 542/714/1156 551/744/1164 512/806/1165
s 18
f 512/745/1166 551/804/1167 554/746/1168 515/747/1169
f 533/748/1170 555/727/1171 560/814/1172 527/812/1173
s off
f 527/749/1174 560/726/1175 543/721/1176 530/742/1177
s 18
f 536/750/1178 561/751/1179 555/727/1171 533/748/1170
f 515/747/1169 554/746/1168 561/751/1179 536/750/1178
s 10
f 510/735/1180 516/732/1181 517/752/1182 511/785/1183
f 511/807/1183 517/784/1182 518/741/1184 512/806/1185
s 21
f 512/745/1186 515/747/1187 514/754/1188 511/753/1189
f 511/785/1189 514/775/1188 513/736/1190 510/735/1191
s 10
f 516/732/1181 519/731/1192 520/755/1193 517/752/1182
f 517/784/1182 520/782/1193 521/740/1194 518/741/1184
f 519/731/1192 497/659/1062 496/783/1061 520/755/1193
f 520/782/1193 496/686/1061 495/671/1063 521/740/1194
s 12
f 522/734/1195 528/733/1196 529/756/1197 523/780/1198
f 523/757/1198 529/779/1197 530/742/1199 524/743/1200
f 524/743/1200 485/672/1071 484/781/1070 523/757/1198
f 523/780/1198 484/689/1070 483/660/1072 522/734/1195
s 21
f 525/738/1201 531/737/1202 532/758/1203 526/778/1204
f 526/813/1204 532/777/1203 533/748/1205 527/812/1206
s 12
f 527/749/1207 530/742/1199 529/779/1197 526/759/1208
f 526/778/1208 529/756/1197 528/733/1196 525/738/1209
s 21
f 531/737/1202 534/739/1210 535/760/1211 532/758/1203
f 532/777/1203 535/776/1211 536/750/1212 533/748/1205
f 515/747/1187 536/750/1212 535/776/1211 514/754/1188
f 514/775/1188 535/760/1211 534/739/1210 513/736/1190
s 3
f 540/711/1119 549/729/1213 550/761/1214 541/712/1120
f 541/774/1120 550/769/1214 551/744/1215 542/714/1122
f 537/715/1123 494/670/1089 493/773/1088 538/713/1121
f 538/772/1121 493/694/1088 492/650/1090 539/710/1118
s 4
f 546/717/1125 488/651/1092 487/771/1091 547/718/1126
f 547/770/1126 487/695/1091 486/673/1093 548/720/1128
s 17
f 549/729/1216 552/728/1217 553/762/1218 550/761/1219
f 550/805/1219 553/764/1218 554/746/1220 551/804/1221
f 555/727/1135 561/751/1222 562/763/1223 556/725/1133
f 556/768/1133 562/765/1223 563/730/1224 557/722/1130
s 4
f 543/721/1129 560/726/1225 559/815/1226 544/719/1127
f 544/766/1127 559/724/1226 558/723/1227 545/716/1124
s 17
f 552/728/1217 563/730/1224 562/765/1223 553/762/1218
f 553/764/1218 562/763/1223 561/751/1222 554/746/1220
g default
v -4.168630 6.496843 -0.888237
v 4.168630 6.496843 -0.888237
v -3.733277 7.746911 -4.909141
v 3.733277 7.746911 -4.909141
v -4.168630 7.512754 -4.155965
v 4.168630 7.512754 -4.155965
vt 0.971759 0.678282
vt 0.971750 0.991987
vt 0.813321 0.694658
vt 0.813313 0.975602
vt 0.842999 0.678278
vt 0.842990 0.991984
vn 0.000000 0.954916 0.296876
vn 0.000000 0.954916 0.296876
vn 0.000000 0.954916 0.296877
vn 0.000000 0.954916 0.296877
vn 0.000000 0.954916 0.296876
vn 0.000000 0.954916 0.296876
s 1
g Scifi_Table pPlane8
usemtl set1
f 568/824/1228 569/825/1229 567/823/1230 566/822/1231
f 564/820/1232 565/821/1233 569/825/1229 568/824/1228
g default
v 5.412718 7.221939 -3.152660
v 6.781818 7.221939 -3.152660
v 5.412718 7.704040 -4.703362
v 6.781818 7.704040 -4.703362
vt 0.685556 0.925387
vt 0.737071 0.925387
vt 0.685556 0.986490
vt 0.737071 0.986490
vn 0.000000 0.954916 0.296876
vn 0.000000 0.954916 0.296876
vn 0.000000 0.954916 0.296876
vn 0.000000 0.954916 0.296876
s off
g Scifi_Table pPlane5
usemtl set1
f 570/826/1234 571/827/1235 573/829/1236 572/828/1237
g default
v 5.412718 7.579121 -3.152660
v 6.781818 7.579121 -3.152660
v 5.412718 8.061222 -4.703362
v 6.781818 8.061222 -4.703362
vt 0.750644 0.860757
vt 0.802159 0.860754
vt 0.750647 0.921860
vt 0.802162 0.921857
vn 0.000000 0.954916 0.296876
vn 0.000000 0.954916 0.296876
vn 0.000000 0.954916 0.296876
vn 0.000000 0.954916 0.296876
s off
g Scifi_Table pPlane6
usemtl set1
f 574/830/1238 575/831/1239 577/833/1240 576/832/1241
g default
v -5.394631 7.462773 -3.982397
v -5.532715 7.544207 -4.240877
v -5.747785 7.608832 -4.446008
v -6.018789 7.650325 -4.577710
v -6.301281 7.664622 -4.623092
v -6.583773 7.650325 -4.577710
v -6.854777 7.608832 -4.446008
v -7.069847 7.544207 -4.240877
v -7.207931 7.462773 -3.982397
v -7.255511 7.372504 -3.695870
v -7.207931 7.282235 -3.409343
v -7.069847 7.200802 -3.150862
v -6.854777 7.136176 -2.945732
v -6.583773 7.094684 -2.814029
v -6.301281 7.080386 -2.768648
v -6.018789 7.094684 -2.814029
v -5.747786 7.136176 -2.945732
v -5.532715 7.200802 -3.150862
v -5.394631 7.282235 -3.409343
v -5.347052 7.372504 -3.695870
v -5.410796 9.333045 -3.985206
v -5.543789 9.333045 -4.246220
v -5.750931 9.333045 -4.453362
v -6.011945 9.333045 -4.586355
v -6.301281 9.333045 -4.632181
v -6.590617 9.333045 -4.586355
v -6.851631 9.333045 -4.453362
v -7.058773 9.333045 -4.246220
v -7.191766 9.333045 -3.985206
v -7.237592 9.333045 -3.695870
v -7.191766 9.333045 -3.406534
v -7.058773 9.333045 -3.145520
v -6.851631 9.333045 -2.938378
v -6.590617 9.333045 -2.805385
v -6.301281 9.333045 -2.759559
v -6.011945 9.333045 -2.805385
v -5.750931 9.333045 -2.938378
v -5.543789 9.333045 -3.145520
v -5.410796 9.333045 -3.406534
v -5.364970 9.333045 -3.695870
vt 0.632467 0.906170
vt 0.643468 0.909326
vt 0.654628 0.911861
vt 0.665951 0.913519
vt 0.676713 0.914128
vt 0.466603 0.913037
vt 0.477935 0.911434
vt 0.489107 0.908953
vt 0.500123 0.905850
vt 0.511048 0.902443
vt 0.521983 0.899068
vt 0.533023 0.896050
vt 0.544218 0.893675
vt 0.555562 0.892164
vt 0.566329 0.891659
vt 0.577094 0.892216
vt 0.588431 0.893782
vt 0.599614 0.896211
vt 0.610639 0.899282
vt 0.621558 0.902710
vt 0.632260 0.976545
vt 0.643282 0.976636
vt 0.654304 0.976738
vt 0.665326 0.976833
vt 0.455901 0.976374
vt 0.466923 0.976353
vt 0.477945 0.976312
vt 0.488967 0.976263
vt 0.499990 0.976225
vt 0.511012 0.976215
vt 0.522035 0.976236
vt 0.533057 0.976282
vt 0.544080 0.976337
vt 0.555102 0.976386
vt 0.566125 0.976420
vt 0.577147 0.976439
vt 0.588170 0.976443
vt 0.599192 0.976441
vt 0.610215 0.976449
vt 0.621237 0.976481
vt 0.455838 0.913595
vt 0.676349 0.976906
vn 0.959089 0.007528 -0.283004
vn 0.818922 0.003407 -0.573894
vn 0.804087 0.002980 -0.594505
vn 0.950199 0.007242 -0.311561
vn 0.594593 -0.001943 -0.804025
vn 0.580105 -0.002228 -0.814538
vn 0.316005 -0.005143 -0.948744
vn 0.308039 -0.005167 -0.951360
vn 0.000000 -0.005617 -0.999984
vn 0.000000 -0.005617 -0.999984
vn -0.316005 -0.005143 -0.948744
vn -0.308039 -0.005167 -0.951360
vn -0.594593 -0.001943 -0.804025
vn -0.580106 -0.002227 -0.814538
vn -0.818923 0.003407 -0.573894
vn -0.804087 0.002980 -0.594504
vn -0.959089 0.007528 -0.283006
vn -0.950198 0.007242 -0.311562
vn -0.999313 0.008533 0.036056
vn -0.999950 0.008576 0.005097
vn -0.937721 0.006300 0.347332
vn -0.947314 0.006611 0.320238
vn -0.785570 0.002152 0.618769
vn -0.800142 0.002508 0.599806
vn -0.562698 -0.001968 0.826660
vn -0.576934 -0.001756 0.816789
vn -0.297043 -0.003930 0.954856
vn -0.306284 -0.003913 0.951932
vn 0.000000 -0.004192 0.999991
vn 0.000000 -0.004192 0.999991
vn 0.297044 -0.003930 0.954856
vn 0.306286 -0.003913 0.951932
vn 0.562699 -0.001968 0.826660
vn 0.576935 -0.001756 0.816788
vn 0.785570 0.002152 0.618769
vn 0.800141 0.002508 0.599806
vn 0.937721 0.006300 0.347332
vn 0.947314 0.006611 0.320237
vn 0.999313 0.008532 0.036056
vn 0.999950 0.008576 0.005097
s 1
g Scifi_Table pCylinder1
usemtl set1
f 578/834/1242 579/835/1243 599/855/1244 598/854/1245
f 579/835/1243 580/836/1246 600/856/1247 599/855/1244
f 580/836/1246 581/837/1248 601/857/1249 600/856/1247
f 581/837/1248 582/838/1250 602/875/1251 601/857/1249
f 582/874/1250 583/839/1252 603/859/1253 602/858/1251
f 583/839/1252 584/840/1254 604/860/1255 603/859/1253
f 584/840/1254 585/841/1256 605/861/1257 604/860/1255
f 585/841/1256 586/842/1258 606/862/1259 605/861/1257
f 586/842/1258 587/843/1260 607/863/1261 606/862/1259
f 587/843/1260 588/844/1262 608/864/1263 607/863/1261
f 588/844/1262 589/845/1264 609/865/1265 608/864/1263
f 589/845/1264 590/846/1266 610/866/1267 609/865/1265
f 590/846/1266 591/847/1268 611/867/1269 610/866/1267
f 591/847/1268 592/848/1270 612/868/1271 611/867/1269
f 592/848/1270 593/849/1272 613/869/1273 612/868/1271
f 593/849/1272 594/850/1274 614/870/1275 613/869/1273
f 594/850/1274 595/851/1276 615/871/1277 614/870/1275
f 595/851/1276 596/852/1278 616/872/1279 615/871/1277
f 596/852/1278 597/853/1280 617/873/1281 616/872/1279
f 597/853/1280 578/834/1242 598/854/1245 617/873/1281
